Lines,Lon,VehicleNumber,Time,Lat,Brigade
213,21.223228,1000,2024-02-20 19:34:16,52.160161,3
213,21.1024588,1001,2024-02-20 19:34:32,52.2227365,1
213,21.147429,1004,2024-02-20 19:34:23,52.21414,5
213,21.2132353,1006,2024-02-20 19:34:35,52.1612943,4
219,21.1692443,1007,2024-02-20 19:34:34,52.197753,2
L-8,21.0336408,10071,2024-02-20 19:34:35,52.3937601,1
L31,21.1484706,10072,2024-02-20 19:34:36,52.4351548,1
L49,20.9011958,10073,2024-02-20 19:34:37,52.3902113,1
L24,21.0293005,10074,2024-02-20 19:34:37,52.0738256,696
L-8,21.1525896,10075,2024-02-20 19:34:37,52.3805679,02
219,21.1689336,1008,2024-02-20 19:34:39,52.1988563,1
219,21.1022968,1010,2024-02-20 19:34:38,52.2228481,3
213,21.1058788,1013,2024-02-20 19:34:34,52.2121061,2
239,21.015051,1020,2024-02-20 19:34:28,52.14563,777
192,21.054378,1022,2024-02-20 19:34:31,52.146745,1
208,20.974003,1024,2024-02-20 19:34:33,52.202404,05
107,21.015755,1025,2024-02-20 19:34:36,52.230827,1
239,21.005577,1026,2024-02-20 19:34:36,52.171528,776
339,20.9957097,1027,2024-02-20 19:34:37,52.1870414,03
339,20.995865,1028,2024-02-20 19:34:14,52.188534,02
192,21.04582,1030,2024-02-20 19:34:36,52.149616,5
263,21.108994,1031,2024-02-20 19:34:37,52.164619,06
108,21.036961,1032,2024-02-20 19:34:37,52.218906,5
263,21.033812,1033,2024-02-20 19:34:33,52.148541,4
108,21.024074,1035,2024-02-20 19:34:36,52.179699,1
192,20.9957991,1037,2024-02-20 19:34:37,52.1875122,2
164,20.9956854,1038,2024-02-20 19:34:36,52.1877002,04
208,20.963987,1039,2024-02-20 19:34:32,52.208164,04
107,21.045888,1040,2024-02-20 19:34:36,52.218598,2
107,21.0851267,1043,2024-02-20 19:34:32,52.19333,4
107,21.058381,1044,2024-02-20 19:34:32,52.192991,5
107,20.97933,1045,2024-02-20 19:34:33,52.2444867,8
204,21.0310348,1048,2024-02-20 19:34:34,52.2935063,05
207,20.8947733,1050,2024-02-20 19:34:35,52.1999867,1
228,20.963141,1051,2024-02-20 19:34:28,52.197101,1
228,20.9280183,1052,2024-02-20 19:34:30,52.2031,3
228,20.893116,1054,2024-02-20 19:34:22,52.200369,2
208,20.96101,1055,2024-02-20 19:34:36,52.215911,2
208,20.9720533,1057,2024-02-20 19:34:26,52.2116783,591
207,20.885535,1059,2024-02-20 19:34:36,52.1833583,3
108,21.050423,1060,2024-02-20 19:34:34,52.178307,2
107,21.048022,1062,2024-02-20 19:34:37,52.2081257,6
108,21.0745967,1063,2024-02-20 19:34:36,52.2035289,3
108,21.070757,1065,2024-02-20 19:34:35,52.180309,399
108,21.023371,1066,2024-02-20 19:34:37,52.228386,4
192,21.0209882,1068,2024-02-20 19:34:35,52.1756729,3
208,20.9645905,1069,2024-02-20 19:34:37,52.2017196,06
163,20.996214,1070,2024-02-20 19:34:37,52.188065,02
107,21.011356,1071,2024-02-20 19:34:37,52.229858,7
107,21.046257,1072,2024-02-20 19:34:29,52.199951,3
107,20.9791471,1073,2024-02-20 19:34:36,52.2444686,9
339,21.005884,1074,2024-02-20 19:34:34,52.171497,01
200,21.009203,1075,2024-02-20 19:34:32,52.205643,2
192,21.037991,1076,2024-02-20 19:34:36,52.144924,4
164,21.114916,1077,2024-02-20 19:34:36,52.161938,05
163,20.997952,1079,2024-02-20 19:34:36,52.186085,01
170,21.093893,1101,2024-02-20 19:34:31,52.2709255,06
170,21.0537516,1102,2024-02-20 19:34:31,52.260664,2
169,21.03257,1106,2024-02-20 19:34:31,52.2934471,5
117,21.102296,1109,2024-02-20 19:34:34,52.2222093,06
169,21.041848,1110,2024-02-20 19:34:34,52.3001083,4
106,21.0483846,1118,2024-02-20 19:34:35,52.2633445,09
118,21.01529,1119,2024-02-20 19:34:36,52.220796,2
L27,21.1802051,11201,2024-02-20 19:34:31,52.4221425,1
L27,21.1813143,11202,2024-02-20 19:33:00,52.421212,2
263,21.07057,1200,2024-02-20 19:34:36,52.154449,5
251,21.023924,1201,2024-02-20 19:34:34,52.179588,63
106,21.019569,1202,2024-02-20 19:34:36,52.246178,3
106,20.965023,1203,2024-02-20 19:34:36,52.247681,5
106,20.99313,1204,2024-02-20 19:34:37,52.235229,4
263,21.056629,1205,2024-02-20 19:34:34,52.182339,3
166,21.027058,1206,2024-02-20 19:34:32,52.26001,6
263,21.047873,1207,2024-02-20 19:34:35,52.151093,1
218,21.023741,1208,2024-02-20 19:34:35,52.179928,2
218,21.0247162,1209,2024-02-20 19:34:37,52.1908927,4
118,21.0322839,1211,2024-02-20 19:34:37,52.2301857,4
251,21.122725,1212,2024-02-20 19:34:36,52.090744,62
168,20.995758,1213,2024-02-20 19:34:33,52.192932,4
166,21.030262,1214,2024-02-20 19:34:36,52.158802,011
168,21.112555,1216,2024-02-20 19:34:33,52.236213,7
168,21.026457,1217,2024-02-20 19:34:36,52.213512,5
218,20.992855,1219,2024-02-20 19:34:33,52.185642,5
106,20.965093,1220,2024-02-20 19:34:32,52.2478135,6
251,21.0450697,1222,2024-02-20 19:34:37,52.1751469,61
106,20.9968467,1223,2024-02-20 19:34:37,52.1860637,7
263,21.062363,1224,2024-02-20 19:34:33,52.185898,2
221,21.044481,1400,2024-02-20 19:34:33,52.265113,02
722,21.160355,1411,2024-02-20 19:34:33,52.226032,01
319,21.176092,1412,2024-02-20 19:34:34,52.196262,09
146,21.204418,1414,2024-02-20 19:34:36,52.159527,4
119,21.064447,1415,2024-02-20 19:34:32,52.202721,2
147,21.0524549,1416,2024-02-20 19:34:37,52.250384,2
183,21.1409,1417,2024-02-20 19:34:35,52.2459,4
730,21.1171074,1418,2024-02-20 19:34:37,52.2330961,053
146,21.06992,1419,2024-02-20 19:34:37,52.221691,09
119,21.0002812,1421,2024-02-20 19:34:36,52.2061087,5
146,21.043633,1422,2024-02-20 19:34:32,52.24791,5
153,21.172623,1425,2024-02-20 19:34:36,52.285553,1
183,21.120802,1426,2024-02-20 19:34:34,52.236904,6
319,21.1166,1427,2024-02-20 19:34:37,52.234936,07
702,21.203541,1428,2024-02-20 19:34:36,52.121513,2
153,21.177025,1429,2024-02-20 19:34:32,52.256908,2
173,21.236217,1430,2024-02-20 19:34:33,52.249977,5
166,21.0344095,1501,2024-02-20 19:34:36,52.2026626,4
204,21.0313758,1502,2024-02-20 19:34:32,52.3008035,07
170,21.0218956,1505,2024-02-20 19:34:29,52.2624675,05
170,21.0478778,1506,2024-02-20 19:34:30,52.2640161,06
156,20.96414,1508,2024-02-20 19:34:31,52.2753463,4
166,21.066244,1509,2024-02-20 19:34:35,52.130741,2
166,21.0369625,1513,2024-02-20 19:34:20,52.2322348,09
170,21.0807941,1519,2024-02-20 19:34:30,52.276323,3
173,21.0917417,1520,2024-02-20 19:34:33,52.2448267,3
183,21.0872783,1521,2024-02-20 19:34:27,52.24467,2
319,21.11738,1522,2024-02-20 19:34:36,52.234338,09
311,21.088401,1523,2024-02-20 19:34:25,52.230876,502
117,21.0051883,1526,2024-02-20 19:34:33,52.2295533,3
183,21.171563,1527,2024-02-20 19:34:28,52.251409,5
117,21.09181,1528,2024-02-20 19:34:24,52.2221717,5
146,21.1573967,1529,2024-02-20 19:34:33,52.167015,2
218,20.9927117,1532,2024-02-20 19:34:26,52.18871,3
218,21.0245883,1533,2024-02-20 19:34:27,52.1793183,1
739,21.017813,1534,2024-02-20 19:34:24,52.151113,07
106,20.989443,1535,2024-02-20 19:34:17,52.234246,1
173,21.2175517,1536,2024-02-20 19:34:25,52.2144467,6
123,21.0632783,1537,2024-02-20 19:34:33,52.22835,5
181,20.981635,1538,2024-02-20 19:34:26,52.274516,2
122,20.9948317,1539,2024-02-20 19:34:31,52.2578533,011
122,20.976301,1542,2024-02-20 19:34:31,52.266374,8
123,21.0941483,1543,2024-02-20 19:34:28,52.244185,1
169,21.0383633,1544,2024-02-20 19:34:31,52.2649067,3
170,21.021766,1545,2024-02-20 19:34:31,52.262715,1
736,20.92306,1546,2024-02-20 19:34:26,52.39804,2
126,21.0202967,1548,2024-02-20 19:34:27,52.2890883,2
122,21.0464483,1550,2024-02-20 19:34:24,52.2643333,012
122,20.89654,1551,2024-02-20 19:34:23,52.2349817,1
122,20.980891,1552,2024-02-20 19:34:29,52.253333,014
166,21.046276,1553,2024-02-20 19:34:20,52.155799,343
156,20.967469,1554,2024-02-20 19:34:23,52.273359,3
181,20.9693583,1555,2024-02-20 19:34:34,52.284745,1
197,20.9389766,1800,2024-02-20 19:34:29,52.2462996,010
221,20.9805395,1801,2024-02-20 19:34:36,52.2626901,1
173,21.1210034,1802,2024-02-20 19:34:31,52.2367987,10
118,21.0196156,1803,2024-02-20 19:34:28,52.246091,1
170,21.067313,1807,2024-02-20 19:34:25,52.26541,4
178,20.9797401,1808,2024-02-20 19:34:37,52.2298025,012
173,21.24324,1809,2024-02-20 19:34:30,52.2214783,8
118,21.015592,1810,2024-02-20 19:34:33,52.218942,3
126,20.977935,1811,2024-02-20 19:34:35,52.312385,4
181,20.8999821,1815,2024-02-20 19:34:35,52.297151,4
181,20.9054461,1816,2024-02-20 19:34:35,52.3014433,3
122,20.9765415,1817,2024-02-20 19:34:32,52.288033,013
156,20.9281161,1818,2024-02-20 19:34:28,52.2907195,06
173,21.0527798,1819,2024-02-20 19:34:35,52.2503073,2
730,21.2931956,1830,2024-02-20 19:34:31,52.1727248,01
123,21.085379,1833,2024-02-20 19:34:32,52.2230088,2
730,21.2228164,1838,2024-02-20 19:34:37,52.2240057,52
118,21.047913,1839,2024-02-20 19:34:22,52.263901,1
115,21.1645578,1840,2024-02-20 19:34:27,52.2172968,1
173,21.150791,1842,2024-02-20 19:34:27,52.2388813,4
156,21.0521823,1844,2024-02-20 19:34:28,52.2529748,1
115,21.242131,1845,2024-02-20 19:34:35,52.169869,2
178,20.9532928,1846,2024-02-20 19:34:29,52.2124073,013
115,21.1565415,1848,2024-02-20 19:34:26,52.2570211,6
115,21.1632891,1849,2024-02-20 19:34:28,52.2604876,5
117,21.0536523,1851,2024-02-20 19:34:35,52.2351575,4
117,21.0837478,1855,2024-02-20 19:34:33,52.224589,1
115,21.1978756,1857,2024-02-20 19:34:30,52.1753395,3
173,21.1835378,1858,2024-02-20 19:34:29,52.2459651,9
173,21.217621,1859,2024-02-20 19:34:30,52.2145131,7
117,21.0234235,1862,2024-02-20 19:34:34,52.2322316,2
722,21.115891,1863,2024-02-20 19:34:33,52.2348745,61
722,21.3123988,1869,2024-02-20 19:34:32,52.153589,61
222,21.0213555,1904,2024-02-20 19:34:36,52.2138299,1
222,21.007566,1906,2024-02-20 19:34:28,52.189128,5
106,20.9662319,1907,2024-02-20 19:34:37,52.2432424,7
222,21.0049826,1910,2024-02-20 19:34:37,52.2447731,2
222,20.9958881,1911,2024-02-20 19:34:36,52.1934187,6
139,21.093458,1912,2024-02-20 19:34:36,52.147308,64
251,21.106686,1914,2024-02-20 19:34:34,52.116283,65
119,20.995163,1915,2024-02-20 19:34:28,52.186775,07
166,20.995288,1916,2024-02-20 19:34:34,52.18683,010
222,21.004875,1917,2024-02-20 19:34:28,52.244881,3
139,21.0957119,1918,2024-02-20 19:34:37,52.1433629,066
222,21.018732,1919,2024-02-20 19:34:32,52.223488,4
222,20.9952665,1920,2024-02-20 19:31:56,52.1859025,4
331,20.995287,1991,2024-02-20 19:34:31,52.186279,04
119,21.1617292,1992,2024-02-20 19:34:37,52.2093692,06
739,21.04185,1993,2024-02-20 19:34:29,52.097265,014
331,20.9951919,1996,2024-02-20 19:34:37,52.1861344,02
331,20.995228,1997,2024-02-20 19:34:36,52.186226,01
331,20.995365,1998,2024-02-20 19:34:36,52.186424,03
709,21.026001,2000,2024-02-20 19:34:36,52.076878,6
189,21.037287,2001,2024-02-20 19:34:37,52.173435,9
189,20.992098,2002,2024-02-20 19:34:35,52.180317,14
141,21.082359,2004,2024-02-20 19:34:37,52.240898,8
710,21.0360466,2005,2024-02-20 19:34:34,52.0765172,6
189,20.9008544,2007,2024-02-20 19:34:36,52.2388944,027
742,21.122261,2010,2024-02-20 19:34:34,52.090282,761
501,21.048813,2013,2024-02-20 19:34:29,52.177799,3
709,21.017596,2014,2024-02-20 19:34:32,52.143008,7
174,21.011904,2015,2024-02-20 19:34:37,52.173321,371
709,21.01767,2016,2024-02-20 19:34:35,52.091927,9
709,20.9961429,2017,2024-02-20 19:34:36,52.1867694,014
525,21.1610102,2018,2024-02-20 19:34:37,52.2258884,1
189,20.904585,2019,2024-02-20 19:34:37,52.228298,5
189,21.0302034,2020,2024-02-20 19:34:37,52.1735055,021
709,21.02552,2022,2024-02-20 19:34:35,52.077877,5
727,21.023834,2023,2024-02-20 19:34:32,52.180061,3
162,20.9958231,2024,2024-02-20 19:34:36,52.1876437,015
319,20.9972547,2025,2024-02-20 19:34:36,52.1876077,01
162,21.034893,2026,2024-02-20 19:34:36,52.255016,5
174,21.004478,2028,2024-02-20 19:34:35,52.171356,3
217,21.072872,2029,2024-02-20 19:34:35,52.159958,2
189,21.068705,2031,2024-02-20 19:34:36,52.181488,12
522,21.0668602,2032,2024-02-20 19:34:37,52.1711082,4
165,21.024044,2033,2024-02-20 19:34:33,52.179817,3
319,21.005554,2036,2024-02-20 19:34:34,52.171635,03
189,21.006081,2037,2024-02-20 19:34:37,52.178074,8
402,21.142708,2039,2024-02-20 19:34:30,52.23729,1
402,20.996464,2044,2024-02-20 19:34:37,52.186909,5
136,20.995153,2045,2024-02-20 19:34:30,52.187691,013
193,20.995855,2046,2024-02-20 19:34:37,52.187843,06
177,20.8894822,2200,2024-02-20 19:34:34,52.2053962,3
148,20.978752,2203,2024-02-20 19:34:35,52.183147,012
ZA1,20.921421,2205,2024-02-20 19:34:16,52.197299,02
191,20.983829,2206,2024-02-20 19:34:37,52.218197,5
105,20.900703,2208,2024-02-20 19:34:31,52.238987,2
184,20.955959,2210,2024-02-20 19:34:37,52.22765,8
523,20.956203,2212,2024-02-20 19:34:35,52.237537,714
105,20.896715,2214,2024-02-20 19:34:35,52.235493,011
401,20.947865,2216,2024-02-20 19:34:31,52.192245,7
188,20.979876,2217,2024-02-20 19:34:37,52.186108,5
187,20.9015799,2218,2024-02-20 19:34:37,52.1993012,1
177,20.8686434,2219,2024-02-20 19:34:37,52.1923272,4
719,20.7745084,2220,2024-02-20 19:34:35,52.2562159,2
184,20.964012,2221,2024-02-20 19:34:33,52.208061,7
523,21.008993,2222,2024-02-20 19:34:37,52.217228,8
523,20.9430347,2223,2024-02-20 19:34:37,52.2391315,023
716,20.920477,2225,2024-02-20 19:34:36,52.197243,01
171,20.9175582,2229,2024-02-20 19:34:37,52.2594414,453
517,21.0038019,2231,2024-02-20 19:34:36,52.2279899,10
187,20.961239,2232,2024-02-20 19:34:35,52.216698,6
716,20.870583,2234,2024-02-20 19:34:34,52.19828,62
517,20.919296,2235,2024-02-20 19:34:36,52.197567,2
401,21.031349,2236,2024-02-20 19:34:33,52.1735,3
717,20.954718,2238,2024-02-20 19:34:35,52.2134306,65
188,20.9781146,2239,2024-02-20 19:34:36,52.1694574,6
517,20.929932,2240,2024-02-20 19:34:37,52.196781,8
189,20.9554417,2242,2024-02-20 19:34:34,52.1908294,7
187,21.062986,2243,2024-02-20 19:34:35,52.187344,10
177,20.8672916,2244,2024-02-20 19:34:36,52.1971912,675
186,20.9224939,2246,2024-02-20 19:34:37,52.1956404,015
ZA1,20.922363,2247,2024-02-20 19:34:28,52.197121,03
719,20.9137869,2248,2024-02-20 19:34:32,52.2377912,4
523,21.060772,2249,2024-02-20 19:34:34,52.227989,7
191,20.8703971,2250,2024-02-20 19:34:36,52.1835766,2
401,20.9203027,2251,2024-02-20 19:34:36,52.197267,010
191,20.877596,2252,2024-02-20 19:34:31,52.188999,1
713,20.744366,2253,2024-02-20 19:34:37,52.214577,3
184,20.92117,2255,2024-02-20 19:34:25,52.196488,010
401,20.978081,2256,2024-02-20 19:34:36,52.183975,2
105,20.895748,2257,2024-02-20 19:34:36,52.193714,08
401,21.036277,2258,2024-02-20 19:34:37,52.1537497,5
182,20.9862519,2259,2024-02-20 19:34:35,52.2163332,1
L22,21.2924941,25181,2024-02-20 19:34:37,52.1740591,2
L20,21.2709361,25183,2024-02-20 19:34:33,52.095856,1
L22,21.1108101,25184,2024-02-20 19:34:37,52.2931826,2
L51,21.2619291,25188,2024-02-20 19:34:33,52.089725,1
245,21.0470726,3400,2024-02-20 19:34:34,52.2637598,05
112,21.0170956,3401,2024-02-20 19:34:33,52.2934223,8
127,20.905726,3402,2024-02-20 19:34:26,52.2073575,8
116,21.0527308,3404,2024-02-20 19:34:32,52.1845303,9
723,20.9959243,3405,2024-02-20 19:34:36,52.2968825,475
527,21.0473468,3406,2024-02-20 19:34:35,52.2646488,011
511,20.9511119,3408,2024-02-20 19:34:33,52.3439261,3
705,21.0461906,3409,2024-02-20 19:34:35,52.2639605,1
245,21.0416953,3410,2024-02-20 19:34:31,52.3003781,2
500,21.0420208,3411,2024-02-20 19:34:36,52.3003288,4
160,21.0025125,3412,2024-02-20 19:34:34,52.233257,519
511,20.931746,3413,2024-02-20 19:34:35,52.2940555,2
527,21.0477078,3414,2024-02-20 19:33:23,52.2645063,013
509,20.9630463,3415,2024-02-20 19:34:32,52.3175728,021
735,21.011698,3416,2024-02-20 19:34:31,52.453768,63
509,21.102174,3417,2024-02-20 19:34:31,52.2219581,12
511,20.9427536,3418,2024-02-20 19:34:36,52.3487886,4
132,21.062732,3419,2024-02-20 19:34:33,52.3251291,5
527,21.0462233,3420,2024-02-20 19:34:35,52.2639433,010
199,21.1797235,3421,2024-02-20 19:34:32,52.269149,05
190,20.9262083,3423,2024-02-20 19:34:34,52.2340216,3
Z26,20.9598115,3424,2024-02-20 19:34:32,52.2320683,1
509,21.034953,3425,2024-02-20 19:34:23,52.254288,14
120,21.0508721,3426,2024-02-20 19:34:36,52.2525818,6
140,21.052767,3427,2024-02-20 19:34:36,52.2765863,2
509,21.0607675,3428,2024-02-20 19:34:31,52.2324565,13
102,21.0578693,3429,2024-02-20 19:34:34,52.250089,547
120,21.0461991,3430,2024-02-20 19:34:32,52.2725885,4
731,20.9550121,3431,2024-02-20 19:34:29,52.4085783,476
140,21.0466251,3432,2024-02-20 19:34:35,52.2646855,04
723,20.925392,3434,2024-02-20 19:34:30,52.384716,480
738,21.195976,3435,2024-02-20 19:34:32,52.403568,4
509,20.972166,3436,2024-02-20 19:34:32,52.3206853,1
Z26,20.9301017,3437,2024-02-20 19:34:30,52.2249268,3
112,21.0825511,3438,2024-02-20 19:34:32,52.304481,2
190,20.9148362,3442,2024-02-20 19:34:31,52.2311142,2
731,20.9840818,3444,2024-02-20 19:34:30,52.3072036,477
145,21.0540283,3447,2024-02-20 19:34:31,52.29234,4
414,20.9479628,3448,2024-02-20 19:34:34,52.200526,06
140,21.0912078,3449,2024-02-20 19:34:33,52.3063765,07
190,21.0018597,3451,2024-02-20 19:34:31,52.2443879,1
520,21.0462818,3452,2024-02-20 19:34:35,52.2638063,5
120,21.0499978,3453,2024-02-20 19:34:34,52.3470073,2
731,20.9482968,3454,2024-02-20 19:34:37,52.4033095,478
723,21.0465298,3456,2024-02-20 19:34:33,52.263753,731
145,21.0005603,3457,2024-02-20 19:34:35,52.291323,6
120,21.0525403,3458,2024-02-20 19:34:37,52.2965313,010
112,21.0823115,3459,2024-02-20 19:34:34,52.3044583,7
132,21.0462951,3460,2024-02-20 19:34:37,52.2641173,06
160,21.0469785,3462,2024-02-20 19:34:31,52.264497,513
509,20.943442,3463,2024-02-20 19:34:33,52.3229695,5
738,21.0529601,3464,2024-02-20 19:34:33,52.2764586,2
723,20.9895565,3466,2024-02-20 19:34:32,52.3033298,474
509,20.9450355,3467,2024-02-20 19:34:33,52.3393903,4
731,20.9481063,3468,2024-02-20 19:34:34,52.3480605,499
735,21.0285685,3469,2024-02-20 19:34:34,52.345865,62
L-5,21.0294456,35131,2024-02-20 19:34:37,52.074588,1
L-5,20.8976778,35132,2024-02-20 19:34:36,52.0564951,2
L25,21.1996065,35135,2024-02-20 19:34:34,51.9836436,02
L25,21.1700525,35136,2024-02-20 19:34:04,51.973546,1
L-2,21.0353128,35139,2024-02-20 19:34:31,52.0833373,684
L12,20.8962603,35140,2024-02-20 19:32:51,52.0076543,782
L-2,21.0199228,35141,2024-02-20 19:33:05,52.0656108,684
L13,21.2170563,35159,2024-02-20 19:34:36,51.981103,04
729,20.909239,4200,2024-02-20 19:34:34,52.239029,1
122,20.976328,4201,2024-02-20 19:34:37,52.289776,7
255,20.984772,4202,2024-02-20 19:34:35,52.230431,1
207,20.870634,4204,2024-02-20 19:34:37,52.183311,06
249,20.900023,4206,2024-02-20 19:34:36,52.239513,678
197,20.930309,4207,2024-02-20 19:34:33,52.224945,5
207,20.884031,4209,2024-02-20 19:34:36,52.195507,2
255,20.944345,4210,2024-02-20 19:34:36,52.22451,2
129,20.919506,4211,2024-02-20 19:34:37,52.231262,3
207,20.899714,4212,2024-02-20 19:34:36,52.190231,4
154,20.924559,4213,2024-02-20 19:34:37,52.196812,06
122,20.920578,4214,2024-02-20 19:34:36,52.196861,015
154,20.963968,4215,2024-02-20 19:34:35,52.217144,4
249,20.9479464,4217,2024-02-20 19:34:36,52.2437674,2
178,20.948473,4218,2024-02-20 19:34:34,52.209709,7
178,21.0077324,4220,2024-02-20 19:34:36,52.2351332,1
207,20.920689,4221,2024-02-20 19:34:36,52.196781,05
714,20.883327,4223,2024-02-20 19:34:36,52.243916,3
129,20.9393184,4225,2024-02-20 19:34:36,52.2460846,4
154,20.959877,4226,2024-02-20 19:34:34,52.184738,2
714,20.809082,4229,2024-02-20 19:34:36,52.272758,2
729,20.757423,4230,2024-02-20 19:34:17,52.25938,02
197,20.966391,4232,2024-02-20 19:34:36,52.283646,2
122,20.9007599,4234,2024-02-20 19:34:37,52.2391866,2
129,20.882624,4235,2024-02-20 19:34:32,52.195385,2
122,20.946533,4237,2024-02-20 19:34:35,52.267048,679
178,20.9198,4238,2024-02-20 19:34:33,52.197552,4
154,20.969418,4239,2024-02-20 19:34:34,52.21357,3
714,20.914871,4240,2024-02-20 19:34:36,52.236996,1
122,20.927027,4241,2024-02-20 19:34:37,52.263584,9
129,20.92741,4242,2024-02-20 19:34:36,52.233963,1
154,20.981468,4244,2024-02-20 19:34:35,52.191078,1
149,20.92222,4245,2024-02-20 19:30:49,52.196461,04
714,20.919024,4247,2024-02-20 19:34:36,52.196644,04
178,20.912111,4248,2024-02-20 19:34:33,52.197559,3
183,21.0944049,4301,2024-02-20 19:34:36,52.2440891,3
119,21.2056032,4302,2024-02-20 19:34:37,52.2100629,3
147,21.1748956,4303,2024-02-20 19:34:36,52.2062031,4
146,21.0522627,4304,2024-02-20 19:34:36,52.2502847,1
168,21.0948774,4305,2024-02-20 19:34:36,52.2298752,6
147,21.0908049,4309,2024-02-20 19:34:37,52.2214834,3
115,21.1603455,4310,2024-02-20 19:34:36,52.2408219,4
119,21.0206074,4311,2024-02-20 19:34:36,52.2097891,1
153,21.1751182,4313,2024-02-20 19:34:37,52.2568244,04
183,21.1917389,4315,2024-02-20 19:34:36,52.2387586,07
702,21.1025679,4317,2024-02-20 19:34:37,52.242369,1
153,21.1735401,4318,2024-02-20 19:34:33,52.2568945,3
147,21.0605154,4320,2024-02-20 19:34:37,52.2323369,1
146,21.1197301,4321,2024-02-20 19:34:36,52.197053,08
119,21.0753374,4322,2024-02-20 19:34:36,52.2038099,4
319,21.0608346,4323,2024-02-20 19:34:35,52.1496506,02
702,21.2628556,4324,2024-02-20 19:34:36,52.108044,03
168,21.1130726,4326,2024-02-20 19:34:36,52.2330369,1
173,21.0844639,4327,2024-02-20 19:34:37,52.2497179,1
147,21.2179459,4328,2024-02-20 19:34:37,52.2156872,5
183,21.1180767,4329,2024-02-20 19:34:36,52.2342625,1
197,20.9638044,4330,2024-02-20 19:34:37,52.2828759,1
178,21.00404,4331,2024-02-20 19:34:37,52.2553899,5
197,20.9307505,4332,2024-02-20 19:34:36,52.2251036,4
178,20.9148852,4333,2024-02-20 19:34:37,52.2019995,2
178,20.8959035,4334,2024-02-20 19:34:37,52.1856504,6
249,20.9402134,4336,2024-02-20 19:34:37,52.2466386,676
122,20.9108409,4337,2024-02-20 19:34:36,52.2480952,4
178,20.9929908,4338,2024-02-20 19:34:34,52.2321366,4
255,20.9310361,4339,2024-02-20 19:34:34,52.225306,3
122,20.896683,4400,2024-02-20 19:34:32,52.238602,3
156,21.049295,4401,2024-02-20 19:34:35,52.269821,5
134,21.061565,4402,2024-02-20 19:34:37,52.361885,2
166,21.037985,4405,2024-02-20 19:34:34,52.235081,7
123,21.0500755,4406,2024-02-20 19:34:37,52.2522926,4
197,20.929514,4407,2024-02-20 19:34:33,52.223988,09
122,20.984455,4408,2024-02-20 19:34:37,52.271137,6
126,20.964348,4409,2024-02-20 19:34:32,52.318138,1
240,21.100496,4410,2024-02-20 19:34:36,52.317959,2
226,21.044315,4411,2024-02-20 19:33:39,52.264988,04
197,20.941654,4413,2024-02-20 19:34:35,52.226227,6
166,21.044584,4414,2024-02-20 19:34:36,52.167473,8
197,20.935434,4415,2024-02-20 19:34:36,52.258865,7
197,20.94516,4416,2024-02-20 19:34:32,52.23901,3
169,21.035187,4417,2024-02-20 19:34:37,52.25457,1
134,20.968664,4418,2024-02-20 19:34:32,52.274643,1
212,21.046318,4419,2024-02-20 19:34:36,52.270771,06
134,21.048485,4420,2024-02-20 19:34:36,52.324741,05
123,21.0444312,4422,2024-02-20 19:32:22,52.2650152,09
156,21.045977,4423,2024-02-20 19:34:35,52.271034,2
134,20.966858,4424,2024-02-20 19:34:33,52.273029,3
126,21.041559,4425,2024-02-20 19:34:33,52.292038,3
123,21.052307,4426,2024-02-20 19:34:37,52.250198,6
122,20.911367,4427,2024-02-20 19:34:36,52.247711,10
134,21.05028,4428,2024-02-20 19:34:36,52.347462,04
123,21.053875,4429,2024-02-20 19:34:32,52.254208,3
166,21.044729,4430,2024-02-20 19:31:54,52.264786,5
240,21.067215,4431,2024-02-20 19:34:33,52.31559,1
123,21.083838,4432,2024-02-20 19:34:31,52.245609,07
169,21.051779,4433,2024-02-20 19:34:34,52.252945,2
123,21.047142,4434,2024-02-20 19:34:33,52.263691,08
177,20.8818538,5201,2024-02-20 19:34:31,52.2048656,08
517,20.9558536,5202,2024-02-20 19:34:32,52.214314,1
136,20.9878926,5203,2024-02-20 19:34:31,52.2096039,2
414,21.0137503,5204,2024-02-20 19:34:32,52.2934233,03
743,20.7099979,5206,2024-02-20 19:34:35,52.2333093,05
124,20.9343286,5207,2024-02-20 19:34:28,52.1615176,1
186,20.920422,5208,2024-02-20 19:34:31,52.1972607,018
706,20.9441166,5209,2024-02-20 19:34:35,52.1751679,1
186,20.9200139,5211,2024-02-20 19:34:32,52.1973177,017
186,20.9509149,5214,2024-02-20 19:34:31,52.2551045,019
414,20.950305,5215,2024-02-20 19:34:37,52.255436,04
728,20.8825169,5216,2024-02-20 19:34:32,52.0199933,02
136,20.9652885,5217,2024-02-20 19:34:27,52.2478642,015
177,20.9153521,5218,2024-02-20 19:34:36,52.2295577,2
172,20.9725895,5219,2024-02-20 19:34:31,52.2180985,4
717,20.9218359,5220,2024-02-20 19:34:37,52.1969705,068
523,20.8982531,5221,2024-02-20 19:34:29,52.2584067,11
523,21.1069706,5222,2024-02-20 19:34:33,52.2481243,5
716,20.8536601,5223,2024-02-20 19:34:29,52.1908271,63
188,21.0825896,5224,2024-02-20 19:34:28,52.2411727,2
177,20.9224403,5227,2024-02-20 19:34:33,52.1961113,09
105,20.913405,5228,2024-02-20 19:34:24,52.21943,4
184,20.936344,5230,2024-02-20 19:34:30,52.287615,2
187,20.9625289,5232,2024-02-20 19:34:33,52.2163857,12
148,21.0941093,5236,2024-02-20 19:34:34,52.228426,011
124,20.9347153,5237,2024-02-20 19:34:30,52.1670605,2
517,20.893548,5238,2024-02-20 19:34:28,52.19149,5
184,20.9212683,5239,2024-02-20 19:34:29,52.2484233,1
317,20.9213182,5240,2024-02-20 19:34:29,52.1963797,06
523,20.896719,5241,2024-02-20 19:34:17,52.232979,13
182,21.0225532,5242,2024-02-20 19:34:27,52.2185823,8
177,20.9203058,5243,2024-02-20 19:34:36,52.1965961,2
187,21.069321,5244,2024-02-20 19:34:35,52.181426,9
523,20.9109845,5246,2024-02-20 19:34:34,52.2476338,10
521,21.088136,5247,2024-02-20 19:34:36,52.245126,5
105,20.9703568,5248,2024-02-20 19:34:31,52.228869,5
401,21.0378647,5249,2024-02-20 19:34:34,52.1544099,4
172,21.04848,5250,2024-02-20 19:34:31,52.178156,7
171,21.0450666,5251,2024-02-20 19:34:36,52.2200805,6
719,20.586324,5252,2024-02-20 19:34:29,52.2575204,1
317,20.9436771,5253,2024-02-20 19:34:30,52.1756253,07
517,21.0031171,5254,2024-02-20 19:34:29,52.228184,7
717,20.8288303,5255,2024-02-20 19:34:34,52.1929317,66
184,20.9274494,5258,2024-02-20 19:34:30,52.2910102,3
717,20.9226208,5260,2024-02-20 19:34:34,52.1970265,069
Z26,20.9306142,5401,2024-02-20 19:34:36,52.2234589,2
132,21.0143,5402,2024-02-20 19:34:37,52.2944,3
120,21.046331,5403,2024-02-20 19:34:34,52.259884,7
705,21.038256,5404,2024-02-20 19:34:35,52.408894,65
145,21.022633,5405,2024-02-20 19:34:35,52.28619,8
127,20.986357,5406,2024-02-20 19:34:33,52.222172,010
116,20.9777516,5407,2024-02-20 19:34:34,52.2707865,2
138,21.020203,5408,2024-02-20 19:34:32,52.211941,6
512,21.067745,5409,2024-02-20 19:34:35,52.277451,2
138,21.000237,5411,2024-02-20 19:34:28,52.201256,1
190,20.922287,5413,2024-02-20 19:34:36,52.240108,12
116,21.030302,5414,2024-02-20 19:34:37,52.207352,11
723,20.927715,5415,2024-02-20 19:34:36,52.388756,479
511,20.972288,5416,2024-02-20 19:34:35,52.321056,1
132,20.968689,5417,2024-02-20 19:34:35,52.271992,2
414,20.962603,5418,2024-02-20 19:34:33,52.270844,09
138,20.995432,5420,2024-02-20 19:34:36,52.170395,8
245,21.041698,5421,2024-02-20 19:34:36,52.292889,1
190,20.988039,5423,2024-02-20 19:34:34,52.240242,016
199,21.10368,5424,2024-02-20 19:34:35,52.294689,2
527,21.054764,5425,2024-02-20 19:34:36,52.296944,516
145,21.130766,5426,2024-02-20 19:34:35,52.23782,2
512,21.05217,5427,2024-02-20 19:34:29,52.252914,3
512,21.049738,5428,2024-02-20 19:34:33,52.285999,1
112,20.9111129,5429,2024-02-20 19:34:37,52.22879,6
509,21.0445,5430,2024-02-20 19:34:36,52.249,8
160,21.061436,5431,2024-02-20 19:34:33,52.30817,515
414,20.968498,5433,2024-02-20 19:34:34,52.213894,08
132,21.0590019,5434,2024-02-20 19:34:26,52.3174211,4
527,21.045893,5435,2024-02-20 19:34:36,52.265205,012
140,21.064262,5436,2024-02-20 19:34:37,52.273628,3
145,21.12701,5437,2024-02-20 19:34:35,52.257973,10
731,20.9715279,5438,2024-02-20 19:34:36,52.3214082,732
500,21.048027,5439,2024-02-20 19:34:34,52.286171,5
414,20.9477,5441,2024-02-20 19:34:37,52.2005,07
735,20.967501,5443,2024-02-20 19:34:35,52.271748,64
132,21.048203,5444,2024-02-20 19:34:36,52.26329,08
738,21.135405,5445,2024-02-20 19:34:36,52.360016,3
190,21.085388,5446,2024-02-20 19:34:37,52.305103,7
738,21.089514,5447,2024-02-20 19:34:35,52.304012,1
500,21.04171,5448,2024-02-20 19:34:36,52.300327,3
245,21.124342,5449,2024-02-20 19:34:37,52.279091,4
116,21.084517,5450,2024-02-20 19:34:35,52.168365,10
112,21.050777,5451,2024-02-20 19:34:31,52.292233,5
738,21.179358,5453,2024-02-20 19:34:34,52.416431,5
520,21.125751,5454,2024-02-20 19:34:27,52.232525,2
112,20.937586,5455,2024-02-20 19:34:35,52.27504,3
705,21.081812,5456,2024-02-20 19:34:37,52.46418,07
705,20.968066,5458,2024-02-20 19:34:27,52.271931,66
509,20.9466221,5459,2024-02-20 19:34:37,52.339993,3
527,21.068289,5460,2024-02-20 19:34:32,52.32365,514
503,21.050159,5870,2024-02-20 19:34:37,52.144779,1
127,21.020326,5871,2024-02-20 19:34:23,52.243749,3
503,21.0348392,5872,2024-02-20 19:34:35,52.2021197,3
503,21.04825,5873,2024-02-20 19:34:34,52.143772,11
128,21.012962,5875,2024-02-20 19:34:33,52.243034,407
175,20.984621,5876,2024-02-20 19:34:35,52.201584,708
127,20.940378,5877,2024-02-20 19:34:37,52.204189,9
128,21.016926,5878,2024-02-20 19:34:36,52.231056,703
128,20.998086,5879,2024-02-20 19:34:34,52.186821,700
503,21.0490644,5880,2024-02-20 19:34:33,52.155437,10
127,21.010934,5881,2024-02-20 19:34:35,52.2298709,2
519,21.08416,5882,2024-02-20 19:34:35,52.16785,6
503,21.049902,5884,2024-02-20 19:34:37,52.144581,12
503,21.002312,5885,2024-02-20 19:34:36,52.254726,6
519,21.015017,5886,2024-02-20 19:34:36,52.224529,5
127,20.920496,5887,2024-02-20 19:34:36,52.209595,6
127,21.0259,5888,2024-02-20 19:34:34,52.2299,5
519,21.084124,5889,2024-02-20 19:34:35,52.168053,7
519,21.014181,5891,2024-02-20 19:34:34,52.225521,8
175,21.019215,5892,2024-02-20 19:34:34,52.233837,411
128,20.99596,5893,2024-02-20 19:34:36,52.226624,405
175,20.978226,5894,2024-02-20 19:34:36,52.16943,333
175,20.974394,5896,2024-02-20 19:34:32,52.169216,334
128,21.021179,5897,2024-02-20 19:34:35,52.231808,400
175,20.990108,5898,2024-02-20 19:34:36,52.218945,408
175,21.012455,5899,2024-02-20 19:34:33,52.229797,704
503,21.0338,5901,2024-02-20 19:34:37,52.1673,2
116,21.0242,5902,2024-02-20 19:34:37,52.2237,5
180,21.036144,5903,2024-02-20 19:34:36,52.206871,017
175,20.983255,5904,2024-02-20 19:34:35,52.196011,706
128,21.117036,5905,2024-02-20 19:34:29,52.233913,707
158,21.117643,5907,2024-02-20 19:34:33,52.233772, 
175,20.978203,5908,2024-02-20 19:34:34,52.169426,409
180,20.948551,5910,2024-02-20 19:34:34,52.264332,015
158,21.097609,5911,2024-02-20 19:34:32,52.235146,1
158,20.9632786,5912,2024-02-20 19:34:33,52.216856,6
116,20.95034,5914,2024-02-20 19:34:36,52.276752,433
158,21.0117761,5915,2024-02-20 19:34:31,52.2294979,5
180,21.018,5916,2024-02-20 19:34:35,52.2372,10
128,20.963417,5917,2024-02-20 19:34:32,52.20784,404
128,20.9843,5919,2024-02-20 19:34:33,52.1988,701
116,21.01972,5920,2024-02-20 19:34:36,52.232788,12
503,21.026506,5921,2024-02-20 19:34:34,52.214317,4
111,21.00341,5922,2024-02-20 19:34:33,52.242424,5
180,20.952532,5923,2024-02-20 19:34:35,52.262478,13
116,21.031321,5925,2024-02-20 19:34:32,52.206123,6
503,21.025497,5926,2024-02-20 19:34:33,52.218456,8
158,21.0803,5927,2024-02-20 19:34:36,52.2393,3
116,20.968,5928,2024-02-20 19:34:34,52.2727,15
111,21.056856,5929,2024-02-20 19:34:32,52.237549,4
128,20.990074,5931,2024-02-20 19:34:37,52.218746,401
175,21.0127705,5932,2024-02-20 19:34:34,52.2432231,412
158,20.949394,5933,2024-02-20 19:34:35,52.211617,7
111,21.115915,5934,2024-02-20 19:33:53,52.234123,7
111,21.102446,5935,2024-02-20 19:34:32,52.222099,2
175,21.115771,5936,2024-02-20 19:29:45,52.234135,702
116,21.083853,5937,2024-02-20 19:34:34,52.168056,8
128,20.9637,5938,2024-02-20 19:34:33,52.2076,403
180,21.120213,5940,2024-02-20 19:34:35,52.232738,7
116,21.004782,5941,2024-02-20 19:34:33,52.249535,4
116,20.993067,5943,2024-02-20 19:34:34,52.26181,3
116,20.9249,5944,2024-02-20 19:34:31,52.2722,17
180,21.035198,5945,2024-02-20 19:34:34,52.206978,5
180,21.084047,5946,2024-02-20 19:34:36,52.167892,438
175,21.0024102,5947,2024-02-20 19:34:31,52.2280642,410
111,21.1155927,5949,2024-02-20 19:34:32,52.2351114,10
503,21.004595,5951,2024-02-20 19:34:33,52.255592,014
111,21.046568,5953,2024-02-20 19:34:35,52.265369,011
111,21.069193,5954,2024-02-20 19:34:36,52.225475,1
180,20.989748,5955,2024-02-20 19:34:36,52.247669,12
518,21.0199,5956,2024-02-20 19:34:35,52.2326,08
503,21.04598,5957,2024-02-20 19:34:22,52.265456,013
116,20.992809,5958,2024-02-20 19:34:34,52.261963,14
180,20.9604249,5959,2024-02-20 19:34:37,52.2593817,1
180,21.046015,5960,2024-02-20 19:34:28,52.26547,11
180,20.981163,5961,2024-02-20 19:34:37,52.252644,2
503,21.046121,5963,2024-02-20 19:34:23,52.189061,9
518,20.936426,5964,2024-02-20 19:34:32,52.332836,4
116,20.9264525,5965,2024-02-20 19:34:35,52.2806002,16
116,21.056419,5966,2024-02-20 19:34:33,52.181129,7
180,20.925022,5967,2024-02-20 19:34:36,52.272411,14
518,21.044821,5970,2024-02-20 19:34:33,52.265766,09
518,20.985065,5975,2024-02-20 19:34:34,52.269054,7
111,21.025774,5976,2024-02-20 19:34:33,52.232925,9
127,21.046691,5977,2024-02-20 19:34:17,52.26529,1
518,21.046316,5978,2024-02-20 19:34:33,52.264198,010
518,21.045303,5979,2024-02-20 19:34:19,52.265608,011
503,21.005301,5980,2024-02-20 19:34:33,52.249096,5
127,21.020508,5981,2024-02-20 19:34:33,52.24316,4
503,21.015327,5982,2024-02-20 19:34:32,52.242203,7
180,21.084066,5983,2024-02-20 19:34:32,52.167717,016
518,21.046865,5984,2024-02-20 19:34:32,52.265293,1
518,20.999533,5985,2024-02-20 19:34:34,52.294083,5
180,21.003515,5986,2024-02-20 19:34:34,52.250061,4
518,20.961929,5987,2024-02-20 19:34:33,52.317131,2
518,20.94215,5988,2024-02-20 19:34:28,52.334503,3
518,21.01251,5990,2024-02-20 19:34:35,52.246235,6
111,21.088514,5991,2024-02-20 19:34:35,52.228035,3
116,21.013134,5992,2024-02-20 19:34:35,52.246189,13
116,20.9229524,5993,2024-02-20 19:34:34,52.2795087,431
111,20.979418,5998,2024-02-20 19:34:34,52.24448,6
180,21.059395,5999,2024-02-20 19:34:37,52.190884,6
L18,20.8431831,60054,2024-02-20 19:34:34,52.2506794,2
L18,20.8129133,60055,2024-02-20 19:34:36,52.3127008,1
L29,20.462801,60056,2024-02-20 19:34:35,52.2678948,1
L-6,20.8428321,60057,2024-02-20 19:34:37,52.2809883,1
L-6,20.886428,60059,2024-02-20 19:32:41,52.2380168,02
L-7,20.8759931,60060,2024-02-20 19:32:41,52.2882334,1
191,20.926131,6200,2024-02-20 19:34:19,52.203543,7
717,20.931061,6201,2024-02-20 19:34:35,52.198112,64
ZA1,20.9209919,6202,2024-02-20 19:34:37,52.1965392,01
401,20.922512,6203,2024-02-20 19:34:30,52.197132,025
401,20.862618,6206,2024-02-20 19:34:17,52.190323,012
713,20.890364,6207,2024-02-20 19:34:34,52.216404,2
703,20.840107,6208,2024-02-20 19:34:36,52.074768,506
105,20.9211224,6210,2024-02-20 19:34:37,52.1965086,013
187,20.8603712,6212,2024-02-20 19:34:35,52.1939905,4
706,20.918926,6213,2024-02-20 19:34:37,52.133163,2
517,20.861721,6214,2024-02-20 19:34:36,52.190945,3
713,20.923143,6216,2024-02-20 19:34:37,52.196541,04
105,20.900709,6217,2024-02-20 19:34:32,52.238995,3
191,20.905659,6218,2024-02-20 19:34:32,52.193031,3
136,21.001856,6219,2024-02-20 19:34:37,52.184273,9
401,20.919941,6220,2024-02-20 19:34:35,52.196651,024
171,20.964916,6221,2024-02-20 19:34:35,52.237305,4
401,20.921017,6223,2024-02-20 19:34:33,52.196514,027
191,20.949104,6226,2024-02-20 19:34:33,52.210091,4
136,21.023071,6227,2024-02-20 19:34:19,52.155838,4
172,21.048983,6229,2024-02-20 19:34:37,52.188156,6
187,20.905846,6230,2024-02-20 19:34:32,52.197216,5
105,20.896873,6231,2024-02-20 19:34:36,52.226978,1
523,20.901173,6234,2024-02-20 19:34:37,52.257439,14
172,21.011448,6235,2024-02-20 19:34:33,52.195786,5
719,20.687723,6236,2024-02-20 19:34:36,52.260567,5
721,20.942753,6238,2024-02-20 19:34:34,52.175728,1
401,20.922821,6239,2024-02-20 19:34:34,52.195835,023
191,20.921017,6240,2024-02-20 19:34:35,52.196568,010
ZA1,20.9224049,6241,2024-02-20 19:34:37,52.1971662,04
743,20.8974,6242,2024-02-20 19:34:31,52.2397,1
703,20.921277,6243,2024-02-20 19:34:36,52.1970399,512
721,20.839586,6244,2024-02-20 19:34:36,52.057056,02
L39,21.0531828,70001,2024-02-20 19:33:28,52.0975026,4
L39,21.0244533,70002,2024-02-20 19:34:27,52.0619821,3
L39,21.0435209,70004,2024-02-20 19:32:47,52.083821,2
L52,21.0691268,70007,2024-02-20 19:33:43,52.0836905,1
L-3,20.8720768,70034,2024-02-20 19:32:49,52.0847656,02
L16,21.0986876,70035,2024-02-20 19:34:35,52.0750113,1
L-3,20.9819228,70036,2024-02-20 19:34:33,52.081247,03
L24,21.0178212,70041,2024-02-21 10:26:23,52.0670423,693
L-1,20.9622163,70042,2024-02-20 19:34:28,52.0689261,2
L28,21.1265758,70043,2024-02-20 19:34:20,52.02236,52
L15,21.0339575,70045,2024-02-20 19:33:21,52.0829208,53
187,21.023716,7200,2024-02-20 19:34:35,52.219292,7
189,21.068914,7201,2024-02-20 19:34:35,52.181286,10
112,20.8816276,7202,2024-02-20 19:34:37,52.2147097,9
189,20.916143,7203,2024-02-20 19:34:36,52.225357,16
414,21.040867,7204,2024-02-20 19:34:36,52.289204,01
401,20.920799,7205,2024-02-20 19:34:36,52.196968,011
141,20.9193772,7206,2024-02-20 19:34:37,52.1975034,012
190,20.980961,7207,2024-02-20 19:34:37,52.237198,13
716,20.930487,7208,2024-02-20 19:34:33,52.224922,61
711,20.807774,7209,2024-02-20 19:34:36,52.093914,710
733,20.812269,7210,2024-02-20 19:34:33,52.091373,507
186,20.995621,7211,2024-02-20 19:34:34,52.287674,014
105,20.952881,7212,2024-02-20 19:34:34,52.227516,6
184,20.932383,7213,2024-02-20 19:34:34,52.267956,493
184,20.945856,7214,2024-02-20 19:34:32,52.239357,5
517,20.941063,7217,2024-02-20 19:34:33,52.204723,6
177,20.90876,7221,2024-02-20 19:34:36,52.195683,07
188,20.920656,7223,2024-02-20 19:34:33,52.196983,013
172,20.952503,7224,2024-02-20 19:34:37,52.211193,010
172,20.959669,7225,2024-02-20 19:34:34,52.215603,2
105,20.919775,7226,2024-02-20 19:34:33,52.197475,09
112,20.924618,7227,2024-02-20 19:34:35,52.261135,10
190,20.9257437,7228,2024-02-20 19:34:37,52.234117,6
728,20.943409,7229,2024-02-20 19:34:33,52.175076,1
414,21.042788,7230,2024-02-20 19:34:36,52.300419,02
189,20.916672,7231,2024-02-20 19:34:30,52.199123,6
713,20.884882,7232,2024-02-20 19:34:36,52.21664,05
414,20.975365,7233,2024-02-20 19:34:37,52.21167,05
112,20.921638,7234,2024-02-20 19:34:36,52.195831,4
189,21.05575,7235,2024-02-20 19:34:33,52.181732,019
189,21.068918,7236,2024-02-20 19:34:33,52.181252,11
189,20.9005982,7237,2024-02-20 19:34:37,52.2389511,3
189,20.927151,7238,2024-02-20 19:34:36,52.195919,022
189,21.068901,7239,2024-02-20 19:34:32,52.181568,020
189,20.922886,7240,2024-02-20 19:34:37,52.19659,2
401,20.862087,7242,2024-02-20 19:34:35,52.19035,9
189,20.916796,7244,2024-02-20 19:34:34,52.199074,018
190,21.032772,7245,2024-02-20 19:34:35,52.253922,10
136,20.962593,7247,2024-02-20 19:34:34,52.237515,11
317,21.023796,7248,2024-02-20 19:34:32,52.173359,2
171,20.923498,7249,2024-02-20 19:34:36,52.196617,5
105,20.943485,7250,2024-02-20 19:34:36,52.226189,7
189,20.896778,7251,2024-02-20 19:34:36,52.239025,4
190,21.068754,7252,2024-02-20 19:34:32,52.279091,4
189,20.916109,7253,2024-02-20 19:34:37,52.225842,024
136,21.0527664,7254,2024-02-20 19:34:36,52.1459919,5
189,20.916035,7255,2024-02-20 19:34:36,52.219433,15
189,21.037336,7256,2024-02-20 19:34:36,52.173397,13
191,20.981024,7257,2024-02-20 19:34:33,52.215965,6
171,20.918394,7258,2024-02-20 19:34:37,52.257862,452
502,21.116714,7301,2024-02-20 19:33:54,52.233795,720
523,20.960526,7303,2024-02-20 19:34:37,52.216694,9
704,21.087717,7304,2024-02-20 19:34:31,52.244686,2
162,21.035141,7305,2024-02-20 19:34:35,52.223522,2
158,20.9832491,7306,2024-02-20 19:34:35,52.2234571,8
158,21.1127187,7307,2024-02-20 19:34:36,52.2362941,2
523,20.912853,7308,2024-02-20 19:34:37,52.2416234,15
182,21.113438,7309,2024-02-20 19:34:34,52.236153,6
525,21.117826,7311,2024-02-20 19:34:32,52.233917,011
202,21.11624,7312,2024-02-20 19:34:37,52.234943,09
507,21.1162572,7313,2024-02-20 19:34:37,52.233503,012
125,21.139893,7314,2024-02-20 19:34:36,52.228722,06
199,21.17211,7318,2024-02-20 19:34:31,52.265957,1
402,21.047112,7319,2024-02-20 19:34:33,52.191441,013
141,20.9437539,7320,2024-02-20 19:34:36,52.1756197,3
141,21.034721,7322,2024-02-20 19:34:36,52.202278,6
202,21.105618,7323,2024-02-20 19:34:36,52.246155,541
202,21.041925,7324,2024-02-20 19:34:33,52.242023,543
525,21.1965847,7327,2024-02-20 19:34:36,52.2082899,8
102,21.1073162,7328,2024-02-20 19:34:35,52.2485594,548
525,21.161493,7329,2024-02-20 19:34:34,52.225609,012
182,21.112959,7330,2024-02-20 19:34:28,52.23613,5
199,21.1098211,7331,2024-02-20 19:34:37,52.2941795,06
523,21.059488,7332,2024-02-20 19:34:32,52.227695,2
520,21.103401,7333,2024-02-20 19:34:37,52.234268,8
402,21.155987,7335,2024-02-20 19:34:37,52.240311,3
150,20.865015,743,2024-02-20 19:34:34,52.360367,3
150,20.863747,744,2024-02-20 19:34:33,52.359531,2
110,20.939566,748,2024-02-20 19:34:34,52.277943,4
110,20.864517,749,2024-02-20 19:34:36,52.360241,06
850,20.86491,750,2024-02-20 19:34:35,52.360458,2
750,20.936758,753,2024-02-20 19:34:36,52.299374,1
150,20.846554,754,2024-02-20 19:34:34,52.34148,6
150,20.846689,755,2024-02-20 19:34:37,52.341248,09
750,20.86495,756,2024-02-20 19:34:32,52.360378,06
750,20.817457,757,2024-02-20 19:34:36,52.351868,4
150,20.903111,762,2024-02-20 19:34:37,52.330612,2
150,20.862906,763,2024-02-20 19:34:31,52.34861,5
250,20.86492,769,2024-02-20 19:34:36,52.360447,04
141,21.0459279,7700,2024-02-20 19:34:34,52.2151734,7
145,21.1170192,7702,2024-02-20 19:34:37,52.2337205,014
145,21.1007242,7704,2024-02-20 19:34:37,52.242549,11
199,21.0413598,7705,2024-02-20 19:34:36,52.3000645,4
521,20.9636364,7706,2024-02-20 19:34:36,52.2079694,4
102,21.0420587,7707,2024-02-20 19:34:37,52.2422084,546
402,21.1169228,7709,2024-02-20 19:34:34,52.2337253,011
177,20.8966444,7710,2024-02-20 19:34:37,52.2394757,1
186,20.9637819,7712,2024-02-20 19:34:35,52.2077984,016
190,21.0853807,7713,2024-02-20 19:34:37,52.3048879,9
317,21.0842535,7715,2024-02-20 19:34:36,52.1664787,3
177,20.9147206,7716,2024-02-20 19:34:37,52.2325522,6
188,20.9841004,7717,2024-02-20 19:34:37,52.1998637,1
184,20.9709644,7718,2024-02-20 19:34:36,52.2164819,6
136,21.0531829,7720,2024-02-20 19:34:36,52.1461907,7
517,20.8967851,7722,2024-02-20 19:34:36,52.2393038,011
711,20.9112064,7723,2024-02-20 19:34:37,52.1462049,709
719,20.9137619,7724,2024-02-20 19:34:36,52.2379631,3
733,20.9429335,7726,2024-02-20 19:34:35,52.1755318,01
517,20.8618442,7728,2024-02-20 19:34:36,52.1907759,4
713,20.9308252,7729,2024-02-20 19:34:37,52.2249789,1
502,21.0154322,7730,2024-02-20 19:34:36,52.2198411,466
188,21.013968,7731,2024-02-20 19:34:36,52.2168749,4
188,20.9780644,7732,2024-02-20 19:34:37,52.1694834,07
521,21.1263345,7733,2024-02-20 19:34:37,52.2343764,011
507,21.0547175,7735,2024-02-20 19:34:36,52.2388014,4
521,21.1673931,7736,2024-02-20 19:34:36,52.2051427,010
521,21.0623547,7738,2024-02-20 19:34:37,52.2402715,2
168,21.0478622,7740,2024-02-20 19:34:36,52.2069152,09
125,21.1013832,7741,2024-02-20 19:34:37,52.2424577,4
125,21.0414415,7742,2024-02-20 19:34:37,52.2415783,5
141,20.9596859,7744,2024-02-20 19:34:37,52.1897924,4
143,21.1771172,7746,2024-02-20 19:34:37,52.2569805,7
182,21.1129535,7747,2024-02-20 19:34:36,52.2362612,4
523,21.0844259,7748,2024-02-20 19:34:35,52.2461947,6
250,20.930941,775,2024-02-20 19:34:33,52.28664,1
520,21.116713,7750,2024-02-20 19:34:28,52.234805,7
143,21.0521794,7751,2024-02-20 19:34:37,52.2259049,2
502,21.1737484,7753,2024-02-20 19:34:37,52.2255474,1
188,21.1290442,7754,2024-02-20 19:34:37,52.240038,08
520,21.1564853,7755,2024-02-20 19:34:37,52.2402743,1
151,21.1047203,7757,2024-02-20 19:34:34,52.2303121,2
151,21.104976,7759,2024-02-20 19:34:34,52.2302258,04
110,20.8898889,776,2024-02-20 19:34:37,52.3200871,3
250,20.868525,777,2024-02-20 19:34:32,52.332855,3
750,20.8017878,778,2024-02-20 19:34:27,52.376395,3
850,20.9522469,779,2024-02-20 19:34:37,52.2874209,1
145,21.1179014,7802,2024-02-20 19:34:36,52.234125,012
145,21.0882516,7803,2024-02-20 19:34:32,52.2447348,1
145,21.0002097,7804,2024-02-20 19:34:36,52.2915064,7
514,21.015485,7805,2024-02-20 19:34:20,52.219116,1
525,21.0038526,7806,2024-02-20 19:34:36,52.2294951,4
509,21.1170902,7810,2024-02-20 19:34:36,52.2337081,023
141,21.1154299,7811,2024-02-20 19:31:48,52.2335474,4
514,21.1379331,7812,2024-02-20 19:34:32,52.243184,4
525,21.0139837,7814,2024-02-20 19:34:36,52.2263807,5
125,21.1661304,7815,2024-02-20 19:34:37,52.2127174,3
202,21.0430081,7816,2024-02-20 19:34:37,52.2437269,544
525,21.1166795,7817,2024-02-20 19:34:33,52.2335453,010
509,21.0684317,7819,2024-02-20 19:34:31,52.2257015,9
182,21.0833662,7820,2024-02-20 19:34:36,52.2358462,7
158,21.0280489,7821,2024-02-20 19:34:36,52.2333689,9
521,20.9638612,7825,2024-02-20 19:34:36,52.2078844,3
151,21.0845571,7826,2024-02-20 19:34:37,52.2336155,05
111,20.9895142,7827,2024-02-20 19:34:36,52.2476914,8
402,21.0190566,7828,2024-02-20 19:34:36,52.1734112,6
E-1,21.1163686,7829,2024-02-20 19:30:20,52.2334654,05
509,21.1028715,7830,2024-02-20 19:34:36,52.2221204,10
521,21.2046187,7831,2024-02-20 19:34:37,52.1594214,08
521,21.1727971,7833,2024-02-20 19:34:33,52.199517,07
720,21.0880259,7835,2024-02-20 19:34:36,52.2446549,2
141,21.0300907,7837,2024-02-20 19:34:36,52.2007346,1
148,21.0469995,7839,2024-02-20 19:34:37,52.1910706,010
509,21.1162185,7840,2024-02-20 19:34:37,52.2334892,024
151,21.015548,7842,2024-02-20 19:34:36,52.2231111,3
525,21.0749232,7843,2024-02-20 19:34:36,52.2330619,319
402,21.1005992,7844,2024-02-20 19:34:36,52.2194497,4
146,21.0461102,7845,2024-02-20 19:34:36,52.2480551,06
514,21.0631589,7848,2024-02-20 19:34:37,52.2287862,2
507,21.0053612,7849,2024-02-20 19:34:37,52.2294537,3
509,20.9946861,7850,2024-02-20 19:34:37,52.2984272,6
507,21.0594788,7852,2024-02-20 19:34:36,52.2350363,8
145,21.1153339,7853,2024-02-20 19:34:36,52.277452,3
168,21.0021809,7854,2024-02-20 19:34:37,52.1962684,2
145,21.1105354,7855,2024-02-20 19:34:36,52.2832224,9
507,21.0043649,7856,2024-02-20 19:34:36,52.2300072,1
145,21.1152275,7857,2024-02-20 19:30:40,52.2349835,013
509,21.0202639,7859,2024-02-20 19:34:36,52.2677464,7
E-2,21.1163295,7860,2024-02-20 19:34:34,52.2349638,01
202,21.0937655,7861,2024-02-20 19:34:37,52.2492702,542
173,21.2346069,7864,2024-02-20 19:34:37,52.2163402,011
502,21.0153722,7865,2024-02-20 19:34:36,52.2188622,467
145,21.0009443,7866,2024-02-20 19:34:34,52.2914296,5
402,21.1297342,7867,2024-02-20 19:34:36,52.2360272,014
514,21.2226559,7868,2024-02-20 19:34:36,52.2462809,3
521,21.2062332,7869,2024-02-20 19:34:36,52.1662887,6
173,21.2517884,7871,2024-02-20 19:34:37,52.2492261,012
162,21.0273525,7872,2024-02-20 19:34:36,52.2596771,4
102,21.0515546,7873,2024-02-20 19:34:37,52.2473537,545
521,21.2112098,7874,2024-02-20 19:34:32,52.1610076,1
507,21.1023659,7875,2024-02-20 19:31:36,52.221984,6
182,21.020507,7876,2024-02-20 19:34:37,52.2182716,2
523,21.0251939,7877,2024-02-20 19:34:37,52.2193722,1
125,21.165818,7878,2024-02-20 19:34:22,52.213729,2
520,21.1179397,7880,2024-02-20 19:34:37,52.234212,010
146,21.1179662,7881,2024-02-20 19:34:37,52.2341176,07
502,21.0756864,7882,2024-02-20 19:34:37,52.2330599,465
143,21.1614484,7883,2024-02-20 19:34:36,52.2591984,6
521,21.204343,7884,2024-02-20 19:34:35,52.1592285,09
158,21.1156277,7885,2024-02-20 19:34:36,52.2347406,9
523,21.1067553,7886,2024-02-20 19:34:34,52.2479448,4
125,21.0844526,7887,2024-02-20 19:34:37,52.2454484,1
720,21.4638291,7889,2024-02-20 19:34:36,52.132966,1
L48,21.2834913,80101,2024-02-20 19:34:35,52.2333358,1
L47,21.2696438,80102,2024-02-20 19:34:37,52.2520638,1
L48,21.2874708,80103,2024-02-20 19:33:20,52.2221,02
L47,21.2992783,80104,2024-02-20 19:34:35,52.255896,02
L26,21.2060651,80108,2024-02-20 19:34:34,52.3376868,2
L38,21.2312613,80111,2024-02-20 19:33:01,52.3497778,1
L37,21.2479188,80112,2024-02-20 19:34:37,52.348721,1
L36,21.224147,80113,2024-02-20 19:32:57,52.3432389,1
L46,21.1572143,80114,2024-02-20 19:34:37,52.2972108,681
L45,21.1353618,80115,2024-02-20 19:34:33,52.3595678,1
L35,21.3069958,80116,2024-02-20 19:34:34,52.3681358,1
L-3,20.8910451,80117,2024-02-20 19:30:34,52.07897,1
L45,21.1372946,80120,2024-02-20 19:34:37,52.3647971,02
L43,21.1470266,80122,2024-02-20 19:34:37,52.3118776,682
L32,21.0677385,80124,2024-02-20 19:32:48,52.0805413,1
L40,21.2546798,80125,2024-02-20 19:33:52,52.3556823,1
174,21.003308,8300,2024-02-20 19:34:29,52.225666,6
143,20.9960331,8301,2024-02-20 19:34:33,52.1877768,010
317,20.944091,8302,2024-02-20 19:34:19,52.175441,1
143,21.11345,8303,2024-02-20 19:34:34,52.239875,1
136,21.053038,8304,2024-02-20 19:34:34,52.146031,6
187,20.8620555,8305,2024-02-20 19:34:34,52.1908776,3
148,21.0964933,8306,2024-02-20 19:34:35,52.232375,8
317,20.9964453,8307,2024-02-20 19:34:21,52.187716,5
174,20.997335,8308,2024-02-20 19:34:36,52.1870116,371
148,21.0463133,8309,2024-02-20 19:34:37,52.1775226,4
217,21.023866,8310,2024-02-20 19:34:28,52.179614,4
138,21.0930226,8311,2024-02-20 19:34:32,52.2644543,2
136,20.9652618,8312,2024-02-20 19:34:36,52.2477105,12
141,21.100658,8313,2024-02-20 19:34:26,52.239573,9
141,20.980895,8314,2024-02-20 19:34:33,52.1890398,2
136,21.00467,8315,2024-02-20 19:34:33,52.171913,8
172,21.0310863,8316,2024-02-20 19:34:31,52.2009386,9
174,20.9980135,8317,2024-02-20 19:34:33,52.1861306,3
141,20.996516,8318,2024-02-20 19:34:32,52.1963218,5
709,21.0241616,8319,2024-02-20 19:34:37,52.1799696,2
148,21.0468741,8320,2024-02-20 19:34:34,52.1900615,5
193,20.9969303,8321,2024-02-20 19:34:35,52.1876763,08
519,21.0102066,8323,2024-02-20 19:34:32,52.2296368,1
724,21.0680908,8324,2024-02-20 19:34:36,52.1289766,667
217,21.0269436,8325,2024-02-20 19:34:40,52.1782365,3
504,21.0329198,8326,2024-02-20 19:34:33,52.1497858,8
522,20.996291,8327,2024-02-20 19:34:36,52.1869175,011
709,21.0190433,8328,2024-02-20 19:34:35,52.098003,4
331,20.9967266,8329,2024-02-20 19:34:35,52.186915,05
522,21.0766636,8331,2024-02-20 19:34:33,52.1570363,6
402,21.0208785,8333,2024-02-20 19:34:34,52.1731963,8
727,21.024167,8334,2024-02-20 19:34:40,52.0684688,2
148,21.0520086,8335,2024-02-20 19:34:34,52.1558943,3
710,21.0682226,8338,2024-02-20 19:34:34,52.1287038,3
501,21.0053078,8339,2024-02-20 19:34:31,52.2288773,5
165,21.0022433,8340,2024-02-20 19:34:32,52.1767146,1
504,20.99771,8341,2024-02-20 19:34:35,52.187665,012
187,20.86201,8342,2024-02-20 19:34:35,52.1909767,2
710,21.098685,8343,2024-02-20 19:34:34,52.0771233,4
162,21.0837717,8344,2024-02-20 19:34:30,52.1924167,08
742,21.156954,8345,2024-02-20 19:34:23,52.058689,1
317,21.0651517,8346,2024-02-20 19:34:35,52.170325,4
136,20.987349,8348,2024-02-20 19:34:20,52.209106,10
174,20.996141,8350,2024-02-20 19:32:07,52.187853,1
189,20.8965717,8351,2024-02-20 19:34:25,52.230195,1
504,21.042855,8355,2024-02-20 19:34:33,52.1472367,2
193,20.997401,8356,2024-02-20 19:30:57,52.187093,07
172,20.955681,8358,2024-02-20 19:34:36,52.213215,3
402,21.0502533,8359,2024-02-20 19:34:34,52.1964867,9
709,20.9957967,8360,2024-02-20 19:34:26,52.1880117,8
217,21.07276,8362,2024-02-20 19:34:29,52.1601,5
710,21.112845,8363,2024-02-20 19:34:24,52.109075,2
710,20.995768,8364,2024-02-20 19:34:30,52.187513,07
709,21.024421,8365,2024-02-20 19:34:29,52.179999,429
401,20.880923,8366,2024-02-20 19:34:35,52.197518,8
504,21.0106617,8368,2024-02-20 19:34:32,52.16909,3
106,21.0217717,8369,2024-02-20 19:34:28,52.244485,2
521,21.1291783,8397,2024-02-20 19:34:33,52.233445,012
507,21.0053183,8398,2024-02-20 19:34:30,52.2296333,2
525,21.1399417,8399,2024-02-20 19:34:23,52.2286367,7
190,20.972359,8441,2024-02-20 19:34:34,52.234711,015
190,20.972105,8442,2024-02-20 19:34:34,52.237194,5
132,21.006769,8444,2024-02-20 19:34:37,52.2915152,08
199,21.047077,8445,2024-02-20 19:34:36,52.263859,3
160,21.048162,8446,2024-02-20 19:34:35,52.286373,518
509,21.047043,8447,2024-02-20 19:34:34,52.263718,020
102,21.048079,8448,2024-02-20 19:34:31,52.263565,09
190,21.0461284,8449,2024-02-20 19:34:37,52.2651165,8
162,21.085026,8450,2024-02-20 19:34:33,52.193295,1
527,21.05685,8451,2024-02-20 19:34:36,52.323677,517
112,20.9780412,8452,2024-02-20 19:34:36,52.2791777,1
509,20.940613,8453,2024-02-20 19:34:35,52.326996,2
518,21.046198,8454,2024-02-20 19:34:27,52.265101,012
120,21.046379,8455,2024-02-20 19:34:37,52.264074,09
120,21.0617969,8456,2024-02-20 19:34:35,52.3617807,1
180,21.084034,8457,2024-02-20 19:34:36,52.168026,9
190,20.9007442,8458,2024-02-20 19:34:31,52.2391144,11
500,21.020382,8459,2024-02-20 19:34:30,52.263393,6
120,21.051128,8460,2024-02-20 19:34:30,52.252617,5
132,21.047082,8461,2024-02-20 19:34:36,52.2636949,07
190,21.047358,8462,2024-02-20 19:34:36,52.263603,017
190,21.012078,8465,2024-02-20 19:34:28,52.246631,018
709,21.02258,8500,2024-02-20 19:34:22,52.17981,3
522,21.001906,8502,2024-02-20 19:34:22,52.228621,2
504,21.0025833,8504,2024-02-20 19:34:27,52.1777267,013
217,21.051169,8505,2024-02-20 19:34:19,52.145908,1
148,20.973649,8506,2024-02-20 19:34:16,52.170299,1
317,21.002566,8507,2024-02-20 19:34:24,52.177624,5
724,21.0273267,8508,2024-02-20 19:34:31,52.067385,668
165,20.997614,8510,2024-02-20 19:34:30,52.17,4
522,21.0801467,8511,2024-02-20 19:34:29,52.157515,5
522,21.059246,8512,2024-02-20 19:34:26,52.178404,7
504,21.06858,8513,2024-02-20 19:34:27,52.129076,1
166,21.04104,8517,2024-02-20 19:34:35,52.25011,012
519,21.0026867,8518,2024-02-20 19:34:31,52.2291433,4
401,20.9131217,8519,2024-02-20 19:34:29,52.1986933,1
501,21.002223,8520,2024-02-20 19:34:28,52.227728,6
168,20.995685,8526,2024-02-20 19:34:34,52.18752,3
501,21.0394467,8528,2024-02-20 19:34:25,52.1971083,4
519,21.0633417,8531,2024-02-20 19:34:32,52.174475,2
710,21.011368,8532,2024-02-20 19:34:26,52.074123,5
504,21.004033,8536,2024-02-20 19:34:23,52.230566,5
709,21.016736,8538,2024-02-20 19:34:33,52.074596,422
501,21.02341,8539,2024-02-20 19:34:25,52.2023417,1
174,21.0043117,8540,2024-02-20 19:34:33,52.171185,07
401,21.0239133,8542,2024-02-20 19:34:24,52.1733233,6
165,21.002348,8544,2024-02-20 19:34:28,52.158194,2
148,20.9778129,8545,2024-02-20 19:34:35,52.1694515,2
522,21.0230133,8547,2024-02-20 19:34:35,52.205615,3
522,21.015989,8548,2024-02-20 19:34:19,52.222103,1
138,21.0508883,8549,2024-02-20 19:34:27,52.2398217,010
727,21.027435,8550,2024-02-20 19:34:20,52.073631,04
504,20.983844,8551,2024-02-20 19:34:27,52.19901,4
175,20.9957783,8556,2024-02-20 19:34:36,52.1874117,705
504,20.9907883,8557,2024-02-20 19:34:32,52.225055,6
162,21.0678133,8558,2024-02-20 19:34:31,52.19204,7
519,21.016368,8559,2024-02-20 19:34:27,52.214849,3
128,20.9648283,8560,2024-02-20 19:34:33,52.2081483,402
523,21.107498,8561,2024-02-20 19:34:28,52.248815,020
502,21.2206167,8562,2024-02-20 19:34:32,52.2178333,462
520,21.002173,8563,2024-02-20 19:34:30,52.243236,4
509,21.0143749,8564,2024-02-20 19:34:31,52.274474,15
523,20.946988,8566,2024-02-20 19:34:24,52.238911,16
525,21.016235,8567,2024-02-20 19:34:33,52.222186,3
151,21.0744067,8568,2024-02-20 19:34:23,52.23271,1
171,20.9962083,8569,2024-02-20 19:34:29,52.2426133,451
402,21.15599,8570,2024-02-20 19:34:36,52.2402217,2
182,21.0870517,8571,2024-02-20 19:34:36,52.2363117,3
143,20.992453,8572,2024-02-20 19:34:33,52.216523,3
507,21.093025,8574,2024-02-20 19:34:36,52.225045,5
162,21.122744,8575,2024-02-20 19:34:29,52.232939,011
520,21.0018733,8577,2024-02-20 19:34:36,52.2431883,6
525,21.1123878,8578,2024-02-20 19:34:36,52.2330655,2
507,21.082983,8579,2024-02-20 19:34:29,52.226134,7
245,21.093476,8582,2024-02-20 19:34:30,52.286283,3
120,21.0604267,8583,2024-02-20 19:34:33,52.3050717,3
127,20.89544,8585,2024-02-20 19:34:31,52.2088167,7
120,21.0476033,8586,2024-02-20 19:34:31,52.3398217,8
140,21.047885,8587,2024-02-20 19:34:26,52.2636283,05
140,21.0461633,8588,2024-02-20 19:34:27,52.265105,09
128,21.012526,8590,2024-02-20 19:34:25,52.243238,406
160,21.02977,8591,2024-02-20 19:34:35,52.25265,716
509,21.102399,8592,2024-02-20 19:34:20,52.221958,11
705,20.9935633,8595,2024-02-20 19:34:30,52.3111083,08
517,21.0450176,8800,2024-02-20 19:34:36,52.220444,9
504,21.0687783,8801,2024-02-20 19:34:35,52.1288826,9
187,21.044534,8802,2024-02-20 19:34:36,52.2216138,11
141,20.9431947,8804,2024-02-20 19:34:28,52.176049,012
174,21.0200316,8805,2024-02-20 19:34:30,52.1837573,4
174,21.0009021,8806,2024-02-20 19:34:30,52.2288595,5
166,21.0700868,8807,2024-02-20 19:34:35,52.1385996,661
136,21.0562333,8808,2024-02-20 19:34:34,52.1476683,016
136,20.9962605,8809,2024-02-20 19:34:31,52.1885021,014
136,20.9972008,8810,2024-02-20 19:34:32,52.1869326,018
138,21.100466,8814,2024-02-20 19:34:28,52.2605671,4
138,21.0489273,8815,2024-02-20 19:34:34,52.2553125,5
143,20.9928868,8816,2024-02-20 19:34:29,52.2163161,011
522,20.9973003,8817,2024-02-20 19:34:31,52.1875713,08
709,21.018164,8818,2024-02-20 19:34:31,52.125036,1
138,21.0450425,8820,2024-02-20 19:34:31,52.2545688,3
240,21.0484123,8821,2024-02-20 19:33:30,52.2643398,04
138,21.0025368,8823,2024-02-20 19:34:35,52.1781473,7
148,21.0871528,8824,2024-02-20 19:34:33,52.2448128,7
193,20.9970063,8825,2024-02-20 19:34:35,52.1874873,08
148,21.0473866,8826,2024-02-20 19:34:32,52.1508425,9
143,21.1201025,8827,2024-02-20 19:34:28,52.2373838,5
520,21.0155475,8829,2024-02-20 19:34:32,52.2168401,3
502,21.160801,8832,2024-02-20 19:34:29,52.225888,464
523,21.0877756,8835,2024-02-20 19:34:31,52.2502275,018
502,21.2174578,8836,2024-02-20 19:34:36,52.2145325,09
502,21.2176028,8839,2024-02-20 19:34:27,52.214494,463
704,21.3315256,8841,2024-02-20 19:34:31,52.2130328,03
502,21.0932235,8842,2024-02-20 19:34:33,52.2354195,468
138,20.9967885,8843,2024-02-20 19:34:33,52.186876,011
188,21.1089205,8844,2024-02-20 19:34:32,52.2453423,3
E-2,21.1168355,8845,2024-02-20 19:34:30,52.23342,01
520,21.0293611,8848,2024-02-20 19:34:20,52.2203861,7
704,21.2222966,8850,2024-02-20 19:34:31,52.2237271,1
182,20.974216,8851,2024-02-20 19:34:31,52.218528,9
143,21.1594581,8852,2024-02-20 19:34:31,52.2587691,8
523,20.8983793,8853,2024-02-20 19:34:28,52.2584303,12
523,21.1064668,8854,2024-02-20 19:34:32,52.2476706,3
140,21.1213778,8864,2024-02-20 19:34:34,52.3426986,1
500,21.046524,8865,2024-02-20 19:34:35,52.281844,2
512,21.074988,8867,2024-02-20 19:34:29,52.287149,5
500,20.994788,8868,2024-02-20 19:34:32,52.258026,1
138,21.0442995,8870,2024-02-20 19:34:31,52.2655766,6
340,21.045933,8873,2024-02-20 19:34:28,52.264771,06
500,20.9821933,8874,2024-02-20 19:34:34,52.2532411,7
162,21.0349698,8875,2024-02-20 19:34:33,52.2557903,3
245,21.0443571,8876,2024-02-20 19:34:32,52.26514,2
512,21.044968,8877,2024-02-20 19:34:28,52.250499,4
162,21.03461,8878,2024-02-20 19:34:35,52.2246086,6
172,20.9850151,8883,2024-02-20 19:34:34,52.1981845,1
172,21.048593,8884,2024-02-20 19:34:29,52.1781158,8
504,20.981256,8886,2024-02-20 19:34:27,52.19006,7
162,20.9974631,8887,2024-02-20 19:31:28,52.1874505,014
174,20.997421,8888,2024-02-20 19:34:17,52.187476,09
143,21.177459,8889,2024-02-20 19:34:26,52.256998,09
143,21.0316453,8890,2024-02-20 19:34:31,52.2209795,4
522,20.9979161,8891,2024-02-20 19:34:32,52.1876535,09
138,21.001765,8892,2024-02-20 19:34:35,52.1768733,9
148,21.0873981,8893,2024-02-20 19:34:31,52.2447558,6
501,21.0491408,8894,2024-02-20 19:34:35,52.1777836,2
136,20.9563285,8895,2024-02-20 19:34:34,52.2375711,1
136,20.9966661,8896,2024-02-20 19:34:35,52.1854358,3
187,21.0080223,8897,2024-02-20 19:33:16,52.1890198,8
143,20.9971301,8898,2024-02-20 19:34:31,52.1863085,09
141,21.050331,8899,2024-02-20 19:34:19,52.225588,10
104,21.030931,9061,2024-02-20 19:34:06,52.293575,1
161,21.176411,9062,2024-02-20 19:34:34,52.184208,1
161,21.172173,9064,2024-02-20 19:34:34,52.184299,2
314,21.017063,9068,2024-02-20 19:34:33,52.30703,1
211,20.943523,9069,2024-02-20 19:34:30,52.339169,461
211,20.978762,9070,2024-02-20 19:34:36,52.301739,1
211,20.968552,9071,2024-02-20 19:34:36,52.32077,2
211,20.993475,9073,2024-02-20 19:34:15,52.299568,09
133,20.944927,9076,2024-02-20 19:34:08,52.32304,1
211,20.941647,9078,2024-02-20 19:34:33,52.333221,010
211,20.996183,9079,2024-02-20 19:34:35,52.296986,011
104,21.031384,9082,2024-02-20 19:33:54,52.327652,2
262,21.053719,9083,2024-02-20 19:34:34,52.276382,2
314,21.029524,9084,2024-02-20 19:34:09,52.316834,4
314,20.995045,9085,2024-02-20 19:34:08,52.31147,2
211,20.966618,9086,2024-02-20 19:34:33,52.322205,3
211,20.974188,9088,2024-02-20 19:34:12,52.317833,012
900,20.946959,9089,2024-02-20 19:34:05,52.340122,1
262,21.087851,9090,2024-02-20 19:34:35,52.286549,1
332,21.015209,9093,2024-02-20 19:34:37,52.318027,1
314,20.952806,9094,2024-02-20 19:34:36,52.317341,454
239,21.0376165,9201,2024-02-20 19:34:37,52.1540761,574
305,21.152078,9202,2024-02-20 19:34:32,52.201651,1
203,20.8823313,9203,2024-02-20 19:34:33,52.2079258,472
264,21.0839128,9204,2024-02-20 19:34:31,52.1676856,1
Z12,20.902352,9205,2024-02-20 19:34:36,52.28376,1
815,20.9909096,9206,2024-02-20 19:34:37,52.127649,572
809,20.9872185,9207,2024-02-20 19:34:35,52.1151811,775
164,21.074348,9208,2024-02-20 19:34:33,52.168261,1
349,20.903535,9210,2024-02-20 19:34:33,52.202824,1
133,20.981008,9211,2024-02-20 19:34:35,52.3515573,2
201,20.9251764,9212,2024-02-20 19:34:37,52.260685,2
164,21.064764,9214,2024-02-20 19:34:08,52.192227,2
201,20.9346943,9215,2024-02-20 19:34:34,52.2583663,3
211,21.001008,9219,2024-02-20 19:34:32,52.291531,5
133,20.9523018,9220,2024-02-20 19:34:37,52.3170679,348
201,20.9321245,9226,2024-02-20 19:34:37,52.2674052,1
209,21.0215578,9227,2024-02-20 19:34:33,52.1431183,571
209,21.038288,9228,2024-02-20 19:34:37,52.154114,573
203,20.9264951,9229,2024-02-20 19:34:37,52.2830081,1
203,20.9282548,9230,2024-02-20 19:34:37,52.2913021,472
211,20.9253983,9231,2024-02-20 19:34:32,52.3483073,6
999,20.8822396,9232,2024-02-20 19:34:37,52.2070493,1
201,20.9487943,9242,2024-02-20 19:34:32,52.2415123,4
209,20.8816253,9245,2024-02-20 19:34:36,52.2076295,572
201,20.914269,9251,2024-02-20 19:34:36,52.235248,05
164,21.1387606,9252,2024-02-20 19:34:37,52.145716,3
211,20.9426605,9253,2024-02-20 19:34:34,52.342533,460
147,21.242647,9301,2024-02-20 19:34:30,52.218975,010
356,21.077259,9303,2024-02-20 19:34:34,52.268833,02
739,21.018921,9304,2024-02-20 19:34:33,52.170742,1
142,21.077684,9305,2024-02-20 19:34:33,52.268734,4
135,21.051411,9311,2024-02-20 19:34:17,52.247494,1
135,21.077101,9313,2024-02-20 19:34:30,52.268314,6
356,21.076591,9314,2024-02-20 19:34:36,52.268711,01
142,21.212784,9315,2024-02-20 19:34:33,52.16119,4
142,21.088188,9316,2024-02-20 19:34:30,52.244656,469
179,21.03438,9318,2024-02-20 19:34:34,52.156166,7
135,21.027018,9319,2024-02-20 19:34:37,52.259762,5
196,21.177505,9320,2024-02-20 19:34:35,52.256863,1
739,21.039661,9321,2024-02-20 19:34:33,52.080551,6
196,21.177479,9322,2024-02-20 19:34:36,52.256882,2
135,21.038498,9323,2024-02-20 19:34:31,52.264584,6
147,21.129745,9324,2024-02-20 19:34:34,52.201763,09
147,21.044674,9325,2024-02-20 19:34:37,52.237312,08
135,21.077444,9326,2024-02-20 19:34:35,52.268845,07
179,21.068659,9327,2024-02-20 19:34:37,52.128883,2
179,21.049683,9328,2024-02-20 19:34:35,52.137009,4
356,21.077324,9329,2024-02-20 19:34:33,52.268856,03
135,21.087751,9330,2024-02-20 19:34:37,52.245186,08
135,21.097399,9331,2024-02-20 19:34:35,52.234268,3
179,21.030758,9332,2024-02-20 19:34:30,52.148163,012
179,21.05295,9333,2024-02-20 19:34:35,52.134628,51
179,21.036901,9334,2024-02-20 19:34:33,52.162075,8
739,21.024254,9335,2024-02-20 19:34:32,52.179882,2
135,21.077545,9336,2024-02-20 19:34:36,52.267948,1
256,21.048431,9337,2024-02-20 19:34:35,52.29409,2
179,21.055468,9338,2024-02-20 19:34:36,52.153252,11
135,21.035587,9339,2024-02-20 19:34:31,52.251266,4
179,21.077538,9341,2024-02-20 19:34:30,52.268734,51
739,21.01837,9342,2024-02-20 19:34:36,52.120903,4
147,21.077095,9343,2024-02-20 19:34:36,52.268856,07
179,21.068476,9344,2024-02-20 19:34:37,52.128998,3
135,21.101156,9345,2024-02-20 19:34:35,52.240978,2
739,21.024334,9346,2024-02-20 19:34:37,52.099449,426
142,21.240704,9347,2024-02-20 19:34:30,52.168785,5
179,21.056446,9348,2024-02-20 19:34:36,52.152363,5
739,21.024107,9349,2024-02-20 19:34:37,52.179909,3
198,21.223654,9350,2024-02-20 19:34:35,52.253857,1
142,21.138063,9351,2024-02-20 19:34:36,52.193859,1
179,21.035969,9352,2024-02-20 19:34:36,52.145596,6
198,21.077574,9353,2024-02-20 19:34:33,52.268829,04
179,21.024611,9354,2024-02-20 19:34:32,52.155964,10
256,21.077124,9355,2024-02-20 19:34:37,52.268875,03
198,21.239931,9356,2024-02-20 19:34:37,52.216133,2
256,21.065483,9357,2024-02-20 19:34:36,52.327991,1
147,21.07773,9358,2024-02-20 19:34:29,52.26862,06
142,21.127712,9359,2024-02-20 19:34:36,52.234131,3
326,21.030294,9403,2024-02-20 19:34:26,52.293518,2
516,20.975826,9405,2024-02-20 19:34:11,52.315876,4
157,20.985489,9411,2024-02-20 19:34:33,52.269733,7
152,21.059519,9412,2024-02-20 19:34:31,52.316486,5
743,20.957037,9413,2024-02-20 19:34:37,52.265633,04
157,20.963823,9414,2024-02-20 19:34:37,52.207981,4
157,20.976395,9415,2024-02-20 19:34:32,52.289886,8
176,20.982185,9416,2024-02-20 19:34:34,52.355556,2
152,21.01935,9417,2024-02-20 19:34:32,52.333557,4
516,20.94418,9418,2024-02-20 19:34:32,52.339123,2
103,20.945202,9419,2024-02-20 19:34:33,52.265823,5
516,20.968666,9420,2024-02-20 19:34:37,52.320641,1
157,20.986029,9422,2024-02-20 19:33:39,52.240967,6
157,20.972313,9423,2024-02-20 19:34:09,52.282417,10
152,20.952267,9424,2024-02-20 19:34:32,52.316864,2
103,20.962053,9427,2024-02-20 19:34:35,52.258911,1
157,20.994268,9429,2024-02-20 19:34:32,52.229191,430
176,21.012455,9430,2024-02-20 19:34:33,52.299465,04
234,21.014118,9431,2024-02-20 19:34:34,52.310307,1
103,20.93335,9432,2024-02-20 19:34:30,52.289005,6
234,21.054722,9433,2024-02-20 19:34:30,52.324703,2
176,21.015213,9434,2024-02-20 19:34:30,52.318604,03
103,20.951609,9435,2024-02-20 19:34:33,52.288383,7
104,21.031342,9436,2024-02-20 19:34:33,52.327869,04
326,20.985384,9437,2024-02-20 19:33:51,52.308647,07
157,21.013535,9438,2024-02-20 19:34:37,52.317059,9
103,20.969275,9439,2024-02-20 19:34:21,52.224716,3
516,21.000956,9440,2024-02-20 19:34:33,52.29118,5
234,21.067085,9441,2024-02-20 19:34:29,52.338673,3
157,20.96426,9442,2024-02-20 19:34:24,52.207924,3
152,21.015394,9443,2024-02-20 19:34:35,52.318443,06
103,20.968,9444,2024-02-20 19:34:36,52.228855,2
103,21.015034,9445,2024-02-20 19:34:35,52.318153,08
326,20.968611,9446,2024-02-20 19:34:32,52.272079,5
326,20.988651,9447,2024-02-20 19:34:10,52.304203,4
516,20.9384,9448,2024-02-20 19:34:34,52.33839,3
157,21.014519,9449,2024-02-20 19:34:34,52.317921,011
157,20.997486,9450,2024-02-20 19:34:36,52.254593,1
157,20.981537,9451,2024-02-20 19:34:28,52.217007,5
103,20.965534,9452,2024-02-20 19:34:31,52.235008,4
176,20.997236,9453,2024-02-20 19:34:36,52.319221,1
152,20.96035,9454,2024-02-20 19:34:31,52.316696,3
103,20.92705,9455,2024-02-20 19:34:35,52.290199,010
326,21.0473,9457,2024-02-20 19:34:33,52.335716,3
326,21.053453,9459,2024-02-20 19:34:34,52.338837,1
146,21.2045794,946,2024-02-20 19:34:36,52.1594774,3
712,20.882771833,9501,2024-02-20 19:34:37,52.207398667,02
121,20.932553833,9502,2024-02-20 19:34:36,52.288055,1
149,20.9133515,9503,2024-02-20 19:34:35,52.238848333,662
121,20.965408,9505,2024-02-20 19:34:36,52.283345,3
194,20.882407,9506,2024-02-20 19:34:35,52.207718333,06
149,20.873746,9507,2024-02-20 19:34:36,52.249085167,1
159,20.963195333,9508,2024-02-20 19:34:35,52.216711667,2
715,20.942862333,9509,2024-02-20 19:34:29,52.174229833,55
311,20.882786833,9510,2024-02-20 19:34:34,52.207638333,06
159,20.960665333,9511,2024-02-20 19:34:33,52.216102833,4
311,20.882699167,9512,2024-02-20 19:34:34,52.207539333,05
737,20.882456167,9513,2024-02-20 19:34:36,52.2073905,09
220,20.898038,9514,2024-02-20 19:34:35,52.248009167,5
311,21.073412167,9515,2024-02-20 19:34:36,52.254546,04
159,21.047330167,9516,2024-02-20 19:34:35,52.212297167,6
194,20.869669667,9517,2024-02-20 19:34:37,52.201792833,06
220,20.882593833,9519,2024-02-20 19:34:33,52.2069005,07
159,20.954734833,9520,2024-02-20 19:34:37,52.211992,1
737,20.9516185,9522,2024-02-20 19:34:34,52.068223667,56
220,20.9191605,9523,2024-02-20 19:34:36,52.1753385,1
220,20.906024333,9524,2024-02-20 19:34:36,52.255279167,3
194,20.929490333,9525,2024-02-20 19:34:37,52.224573667,2
707,20.925292667,9526,2024-02-20 19:34:36,52.158921167,02
737,21.0300485,9527,2024-02-20 19:34:34,52.153128667,057
194,20.882073,9529,2024-02-20 19:34:37,52.196286167,1
159,21.015661333,9530,2024-02-20 19:34:35,52.223102,8
715,20.920900333,9531,2024-02-20 19:34:34,52.153257,058
715,21.017932167,9532,2024-02-20 19:34:37,52.141200667,53
159,21.007581167,9533,2024-02-20 19:34:35,52.2228885,3
220,20.893283833,9534,2024-02-20 19:34:35,52.209094167,2
220,20.882966,9535,2024-02-20 19:34:36,52.206537333,3
194,20.9172735,9536,2024-02-20 19:34:37,52.220335667,4
220,20.9250015,9537,2024-02-20 19:34:31,52.260689833,4
220,20.897697667,9538,2024-02-20 19:34:36,52.184302333,08
715,21.017409333,9539,2024-02-20 19:34:35,52.111167,61
737,20.972470333,9540,2024-02-20 19:34:36,52.0934705,54
712,20.9054195,9541,2024-02-20 19:34:30,52.238862167,02
712,20.916768667,9543,2024-02-20 19:34:28,52.239668833,1
194,20.930607833,9545,2024-02-20 19:34:34,52.225027333,63
220,20.882486167,9547,2024-02-20 19:34:36,52.2075405,09
220,20.8929615,9548,2024-02-20 19:34:35,52.208634167,6
194,20.88268,9549,2024-02-20 19:34:35,52.207186167,07
311,21.100541167,9550,2024-02-20 19:34:33,52.222212833,06
194,20.913379167,9551,2024-02-20 19:34:36,52.2088035,65
743,20.699882333,9552,2024-02-20 19:34:36,52.210881833,3
707,21.019168667,9553,2024-02-20 19:34:33,52.091043667,1
121,20.968005667,9554,2024-02-20 19:34:33,52.271963833,2
737,21.029978333,9556,2024-02-20 19:34:36,52.1587825,52
159,21.059831167,9557,2024-02-20 19:34:35,52.207925167,7
149,20.905711833,9559,2024-02-20 19:34:34,52.238906833,663
159,21.085175667,9560,2024-02-20 19:34:35,52.193236,5
743,20.900930333,9561,2024-02-20 19:34:33,52.239188667,2
226,21.014191,9671,2024-02-20 19:34:29,52.318604,04
212,21.026836,9672,2024-02-20 19:34:37,52.259804,1
736,20.99581,9675,2024-02-20 19:34:32,52.29697,1
204,21.07736,9678,2024-02-20 19:34:36,52.324306,2
110,20.969366,9679,2024-02-20 19:34:36,52.271843,71
110,20.878147,9685,2024-02-20 19:34:34,52.295395,72
212,21.052032,9686,2024-02-20 19:34:37,52.29274,2
212,21.0271199,9689,2024-02-20 19:34:37,52.2596262,5
N14,21.014286,9690,2024-02-20 19:34:33,52.318539,124
226,21.030577,9693,2024-02-20 19:34:33,52.293571,2
212,21.052139,9694,2024-02-20 19:34:34,52.26936,4
212,21.045643,9696,2024-02-20 19:34:36,52.292061,3
226,21.048719,9697,2024-02-20 19:34:33,52.340252,3
204,21.07947,9698,2024-02-20 19:34:36,52.323204,1
226,21.035789,9699,2024-02-20 19:34:35,52.300327,1
167,20.8827,9801,2024-02-20 19:34:37,52.20743,015
185,21.03823,9802,2024-02-20 19:34:37,52.143693,2
185,21.02199,9803,2024-02-20 19:34:33,52.14269,1
167,20.882744,9804,2024-02-20 19:34:34,52.20734,2
185,20.974144,9805,2024-02-20 19:34:37,52.27916,7
167,20.88263,9806,2024-02-20 19:34:34,52.20757,014
131,21.047257,9807,2024-02-20 19:34:36,52.20711,13
167,21.07193,9808,2024-02-20 19:34:32,52.212525,013
131,21.0142,9811,2024-02-20 19:34:31,52.22568,12
131,21.0220872,9812,2024-02-20 19:34:37,52.213761,014
167,21.03913,9813,2024-02-20 19:34:33,52.20661,016
131,21.04909,9814,2024-02-20 19:34:32,52.204133,6
185,21.045067,9815,2024-02-20 19:34:37,52.2213288,432
185,20.97574,9816,2024-02-20 19:34:37,52.289704,8
131,21.084031,9817,2024-02-20 19:34:33,52.168152,4
167,21.0187531,9818,2024-02-20 19:34:34,52.2130585,2
131,21.063401,9819,2024-02-20 19:34:37,52.18703,5
167,20.897934,9820,2024-02-20 19:34:37,52.24769,10
167,20.954651,9821,2024-02-20 19:34:34,52.22791,12
817,20.88268,9822,2024-02-20 19:34:36,52.2075,02
185,21.04713,9823,2024-02-20 19:34:35,52.150727,12
167,20.986901,9824,2024-02-20 19:34:34,52.21628,1
131,21.068917,9825,2024-02-20 19:34:37,52.18145,7
167,21.08288,9826,2024-02-20 19:34:37,52.20836,3
167,20.99729,9827,2024-02-20 19:34:35,52.21697,4
167,20.942254,9828,2024-02-20 19:34:37,52.23923,8
131,21.06904,9829,2024-02-20 19:34:36,52.181275,2
131,21.00393,9830,2024-02-20 19:34:35,52.22971,9
167,21.059731,9831,2024-02-20 19:34:34,52.21271,5
167,20.89837,9832,2024-02-20 19:34:37,52.25826,9
167,20.898072,9833,2024-02-20 19:34:35,52.25513,017
817,20.882615,9834,2024-02-20 19:34:37,52.20745,03
185,21.06383,9835,2024-02-20 19:34:30,52.18686,11
185,21.034333,9836,2024-02-20 19:34:37,52.16747,3
167,21.00458,9837,2024-02-20 19:34:31,52.21698,6
185,21.050751,9838,2024-02-20 19:34:37,52.19832,5
185,21.04851,9839,2024-02-20 19:34:27,52.177781,4
185,20.984688,9840,2024-02-20 19:34:37,52.271042,9
185,21.02346,9841,2024-02-20 19:34:35,52.2449,6
131,21.002976,9842,2024-02-20 19:34:34,52.2291386,10
131,20.88263,9843,2024-02-20 19:34:37,52.20733,014
131,20.8892,9844,2024-02-20 19:34:32,52.20557,3
185,20.88261,9845,2024-02-20 19:34:32,52.207596,013
167,20.90387,9846,2024-02-20 19:34:33,52.23923,601
167,20.968003,9847,2024-02-20 19:34:34,52.214005,7
817,20.882454,9848,2024-02-20 19:34:33,52.20745,04
131,21.02018,9849,2024-02-20 19:34:35,52.211625,8
131,21.059212,9850,2024-02-20 19:34:37,52.19105,1
167,20.882851,9851,2024-02-20 19:34:37,52.207352,7
131,20.88281,9852,2024-02-20 19:34:34,52.207413,016
817,20.838341,9853,2024-02-20 19:34:32,52.17321,01
131,21.0131,9854,2024-02-20 19:34:36,52.2273255,11
193,21.016138,9901,2024-02-20 19:34:16,52.174,1
114,20.916964,9902,2024-02-20 19:34:21,52.312748,4
186,20.940947,9903,2024-02-20 19:34:27,52.328297,494
186,20.972164,9904,2024-02-20 19:34:25,52.320545,2
114,21.017998,9905,2024-02-20 19:34:36,52.291473,1
186,20.963556,9906,2024-02-20 19:34:27,52.207867,11
114,20.923288,9907,2024-02-20 19:34:00,52.276352,5
186,20.942268,9909,2024-02-20 19:34:36,52.334202,3
114,21.041847,9910,2024-02-20 19:34:22,52.300247,7
114,20.927809,9911,2024-02-20 19:34:36,52.291164,21
193,21.050215,9912,2024-02-20 19:34:35,52.158836,4
210,20.927999,9913,2024-02-20 19:34:36,52.292145,2
186,20.996315,9914,2024-02-20 19:34:33,52.287609,495
186,20.967819,9915,2024-02-20 19:34:37,52.319473,6
193,20.874453,9916,2024-02-20 19:34:36,52.278301,1
719,20.873358,9917,2024-02-20 19:34:28,52.279308,09
193,21.039444,9918,2024-02-20 19:34:31,52.154026,2
114,20.970284,9919,2024-02-20 19:34:33,52.264896,011
112,21.085144,9920,2024-02-20 19:34:36,52.304321,016
186,20.942194,9921,2024-02-20 19:34:37,52.334026,4
150,20.862669,9922,2024-02-20 19:34:28,52.348785,1
210,20.776947,9923,2024-02-20 19:34:34,52.303524,5
114,20.923613,9925,2024-02-20 19:34:30,52.280811,2
210,20.884144,9926,2024-02-20 19:34:10,52.286228,3
112,21.032043,9927,2024-02-20 19:34:35,52.293331,012
112,20.873308,9928,2024-02-20 19:34:16,52.279171,013
114,20.933062,9929,2024-02-20 19:34:19,52.306049,8
186,20.874224,9930,2024-02-20 19:34:08,52.279015,9
186,20.874376,9932,2024-02-20 19:34:36,52.278358,495
114,21.041908,9933,2024-02-20 19:34:37,52.292965,9
114,20.964079,9934,2024-02-20 19:34:02,52.266525,010
114,20.873861,9936,2024-02-20 19:34:10,52.27903,M22
112,20.873491,9937,2024-02-20 19:34:36,52.279449,014
114,20.873926,9938,2024-02-20 19:34:37,52.279041,9
186,20.963776,9941,2024-02-20 19:34:36,52.207851,10
114,20.87476,9943,2024-02-20 19:34:26,52.279003,M23
193,21.005924,9944,2024-02-20 19:34:33,52.172077,5
210,20.811378,9945,2024-02-20 19:34:05,52.308781,4
210,20.871998,9946,2024-02-20 19:34:36,52.287964,6
719,20.873589,9947,2024-02-20 19:34:34,52.279106,06
210,20.92841,9949,2024-02-20 19:34:25,52.290977,1
186,20.953133,9950,2024-02-20 19:34:29,52.262718,1
719,20.873777,9951,2024-02-20 19:34:26,52.279495,07
193,21.03689,9952,2024-02-20 19:34:32,52.161964,3
719,20.841265,9953,2024-02-20 19:34:09,52.250713,08
186,20.960295,9954,2024-02-20 19:34:35,52.216694,12
114,21.016045,9955,2024-02-20 19:34:12,52.295101,6
